Title,Calories_kcal,Fat_g,Saturated Fat_g,Carbohydrates_g,Net Carbohydrates_g,Sugar_g,Cholesterol_mg,Sodium_mg,Protein_g,Vitamin A_IU,Manganese_mg,Vitamin K_µg,Vitamin B2_mg,Vitamin C_mg,Fiber_g,Potassium_mg,Vitamin B1_mg,Folate_µg,Vitamin B3_mg,Vitamin E_mg,Copper_mg,Calcium_mg,Phosphorus_mg,Vitamin B6_mg,Magnesium_mg,Zinc_mg,Iron_mg,Selenium_µg,Vitamin B5_mg,Vitamin B12_µg,Vitamin D_µg,Alcohol_g,iD,healthScore,weightWatcherSmartPoints,servings,dairyFree,veryPopular
Ginger Chicken Soup with Vegetables,281.31,9.52,1.19,42.46,35.45,25.4,18.8,3895.4,9.21,8447.34,1.51,58.4,0.94,32.64,7.02,904.66,0.37,87.51,3.64,2.68,0.34,149.01,144.68,0.29,56.11,1.68,1.85,6.02,0.81,0.19,,,18658,38,7,4,True,False
Chicken Noodle Soup,476.71,14.32,4.23,50.1,43.22,14.03,73.3,921.73,31.93,10474.67,0.26,19.08,0.39,15.11,6.89,716.26,0.23,57.55,6.13,0.96,0.27,76.24,168.56,0.42,36.72,1.02,1.4,8.47,0.35,0.31,0.23,2.06,473732,14,11,6,False,False
Buffalo Chicken Soup,501.13,27.36,11.22,33.43,30.33,8.57,92.8,1636.43,31.09,4955.61,0.24,29.71,0.55,13.49,3.09,643.76,0.22,37.38,6.01,1.89,0.15,409.37,469.41,0.5,69.13,3.15,1.78,27.65,1.99,1.39,1.28,,511485,18,15,5,False,True
Chicken Noodle Soup (New York Penicillin),397.44,17.34,4.9,33.61,31.34,2.15,113.0,553.94,25.55,3021.5,0.47,62.9,0.18,8.33,2.28,382.36,0.15,35.42,7.62,0.6,0.28,61.49,260.86,0.47,54.46,2.27,2.07,47.61,1.34,0.45,0.33,,595317,15,10,8,True,True
Slow-Cooker Garden Harvest Chicken Soup,177.8,3.76,0.88,18.22,15.08,4.28,74.84,1054.44,18.43,3870.99,0.35,41.67,0.34,40.33,3.14,795.13,0.21,50.15,5.93,0.62,0.21,49.97,233.19,0.62,50.02,1.78,1.67,18.95,1.41,0.51,,,171410,17,3,6,True,False
Chicken Pot Pie Soup,779.68,38.74,12.75,80.25,72.61,8.61,61.05,633.72,29.03,2577.52,0.92,34.58,0.44,50.29,7.64,1399.93,0.56,132.5,14.3,1.45,0.49,76.71,384.45,1.17,91.96,1.89,4.81,35.94,1.54,0.33,0.16,2.06,525549,33,22,4,False,True
Avgolemono Chicken Soup with Rice,382.71,13.36,3.81,26.69,26.26,0.8,206.06,665.14,39.62,357.41,0.42,,0.14,8.4,0.42,277.85,0.04,22.97,3.61,0.29,0.19,36.1,143.03,0.14,14.83,0.87,1.11,10.98,0.61,0.41,0.49,,114005,12,8,4,True,False
Chicken Soup with Collard Greens,415.38,10.63,3.0,47.53,33.44,8.53,88.06,472.66,35.83,13749.0,1.51,501.09,0.49,45.25,14.08,1234.9,0.46,392.04,10.18,3.23,0.63,337.85,485.85,0.91,131.18,3.58,4.97,26.41,2.35,0.84,,,499514,71,10,4,True,False
Avgolemono Soup (Lemon Chicken Soup with Dill),300.34,9.07,2.72,27.53,27.15,0.99,149.7,194.88,27.04,175.14,0.39,,0.25,8.04,0.38,473.89,0.08,23.38,9.9,0.29,0.26,41.38,293.73,0.43,28.91,1.97,1.9,28.21,1.29,0.67,0.49,,1156926,17,7,4,True,False
{Slow Cooker} Salsa Verde Chicken Soup,266.47,4.64,0.81,25.49,19.1,3.13,75.01,1477.77,30.81,529.9,0.34,3.06,0.32,9.42,6.38,892.97,0.25,65.62,13.36,0.57,0.22,47.73,362.68,0.98,73.04,1.48,2.71,38.38,1.9,0.25,,,612343,16,5,6,True,True
Green Chili Chicken Soup,247.76,6.03,0.99,28.51,24.2,10.08,74.95,1902.8,18.81,1166.45,0.28,5.94,0.27,22.69,4.32,530.6,0.15,33.63,5.44,0.71,0.13,75.98,208.83,0.49,44.79,2.31,2.91,20.54,1.31,0.52,,,1591845,7,6,6,True,False
Yemenite Chicken Soup,742.76,40.39,8.49,45.58,39.39,5.98,160.16,1250.41,49.71,4568.12,0.72,49.49,0.49,24.73,6.19,1824.38,0.4,80.95,16.84,3.78,0.45,155.41,575.65,1.9,117.49,7.03,7.04,51.84,2.28,2.8,,,45770,46,19,8,True,False
Thai Green Curry Chicken Soup,674.2,36.26,23.12,45.48,39.83,10.8,166.09,632.05,42.57,2747.95,1.32,41.91,0.51,54.5,5.65,1068.4,0.37,72.03,13.21,1.48,0.54,104.41,552.35,1.07,107.7,3.96,5.48,52.99,2.85,1.09,0.15,,987462,31,22,4,True,False
Slow Cooker Coconut Lime Chicken Soup,456.53,27.81,21.17,13.68,11.2,5.12,112.39,1765.65,40.68,5212.57,1.13,7.1,0.34,50.42,2.48,1135.97,0.23,49.32,19.52,1.47,0.36,63.77,502.4,1.53,108.94,1.99,4.84,55.94,2.85,0.38,0.17,,680290,28,15,4,True,False
Flu Fighter Chicken Soup with Garlic and Star Anise,284.1,16.7,4.77,11.33,8.38,4.57,81.65,312.93,22.08,5672.44,0.27,38.99,0.19,26.05,2.95,546.42,0.13,37.87,8.08,0.83,0.12,60.46,213.66,0.57,39.21,1.75,1.63,17.06,1.31,0.34,0.22,,741802,14,7,8,True,False
Immunity-Boosting Turmeric Chicken Soup,438.36,20.41,11.07,21.35,14.51,6.22,96.77,754.89,44.67,12579.9,1.35,203.71,0.39,58.05,6.84,1332.63,0.26,101.31,17.7,1.83,0.3,190.94,464.54,1.42,107.17,1.92,3.95,50.64,2.85,0.3,0.15,,1044291,52,9,3,True,False
Chicken Nacho Soup,766.29,30.87,13.06,64.85,56.59,12.74,169.22,2036.31,60.0,1181.05,0.63,25.3,0.59,32.28,8.26,1907.22,0.36,59.33,23.94,3.4,0.59,754.15,1022.37,2.0,157.17,4.97,5.33,72.14,3.9,1.59,0.85,,737505,42,20,4,False,True
King Ranch Chicken Soup,437.67,26.77,12.4,23.58,19.7,9.81,111.53,1836.05,27.19,3697.02,0.37,16.46,0.51,64.08,3.88,769.6,0.21,52.81,9.64,1.96,0.19,238.46,347.09,0.91,52.97,1.91,1.71,34.58,1.85,0.5,0.19,,620167,17,13,6,False,False
Mexican Chicken Soup,404.83,20.11,3.37,34.54,29.37,12.76,45.03,857.14,23.22,5717.73,0.41,24.71,0.42,20.46,5.17,1065.31,0.28,50.47,12.55,3.91,0.43,93.87,323.02,0.93,72.41,1.48,2.89,26.96,1.29,0.11,0.19,,351740,29,10,8,True,False
Mediterranean Chicken Soup,207.42,5.62,1.13,21.04,18.71,2.41,36.29,227.7,19.53,163.86,0.4,29.11,0.17,4.83,2.32,601.08,0.08,17.98,9.53,0.98,0.26,61.31,235.57,0.52,41.83,0.96,2.14,30.43,1.0,0.32,,,420715,14,4,8,True,False
Colombian Chicken Soup,340.43,14.11,3.81,35.1,31.35,5.27,74.97,305.39,19.24,386.38,0.36,18.18,0.27,40.66,3.75,994.36,0.26,47.01,7.19,0.43,0.31,50.2,257.59,0.85,66.93,1.91,2.61,17.01,1.37,0.43,,,245555,15,9,10,True,False
Moroccan Butternut Chicken Soup,461.81,18.08,5.85,41.79,34.82,13.53,103.97,1466.26,36.2,14677.52,0.93,90.38,0.74,148.84,6.97,1549.61,0.43,126.55,16.2,4.91,0.36,278.15,503.46,1.68,125.3,2.77,4.1,43.78,3.08,0.78,0.23,,842986,53,10,4,False,False
Lemon-Scented Chicken Soup with Parsley-Sage Matzo Balls,396.2,18.85,5.36,31.55,25.37,6.42,91.85,1030.17,25.2,7567.58,0.57,36.45,0.23,31.85,6.18,1056.5,0.22,64.63,9.38,1.31,0.49,86.29,266.29,0.76,63.85,2.2,2.05,18.91,1.68,0.38,0.24,,43630,20,8,8,True,False
Italian Chicken Soup with Meatballs and Escarole,269.9,13.48,4.25,18.29,16.1,7.6,35.11,744.85,18.26,3280.28,0.25,111.61,0.43,6.3,2.19,681.51,0.2,94.01,7.9,0.92,0.28,167.64,229.16,0.37,35.11,1.53,1.56,14.12,0.74,0.19,,,595907,16,8,10,False,True
Chicken-Orzo Soup,220.19,5.1,0.85,20.1,17.61,3.1,54.43,1226.27,23.14,6535.27,0.56,165.29,0.23,15.43,2.49,732.64,0.14,81.66,10.96,1.27,0.2,68.53,271.08,0.82,65.82,1.09,1.93,44.53,1.71,0.62,,,95413,28,4,4,True,False
Chicken-Rice Soup,431.19,12.96,5.92,38.6,32.64,8.85,113.13,552.12,40.72,14564.78,0.64,155.92,0.39,40.42,5.96,1379.53,0.29,76.77,20.5,1.59,0.37,99.1,498.73,1.37,81.57,2.22,2.76,50.52,2.71,0.55,0.46,,737744,46,8,4,False,True
Chili Chicken Soup with Cilantro Dumplings,174.61,4.72,1.32,4.97,4.14,3.47,81.18,1269.78,27.08,588.24,0.18,7.15,0.32,6.32,0.83,576.34,0.15,9.68,12.6,0.93,0.09,66.14,291.13,0.93,40.7,1.06,1.0,38.21,1.81,0.45,0.47,,159402,11,4,5,False,False
Slow-Cooker Caribbean-Style Chicken Soup with Lime and Cilantro,431.18,15.97,6.29,36.96,31.37,2.71,109.61,1467.94,33.86,106.9,0.82,6.95,0.33,14.52,5.59,844.73,0.23,60.26,12.56,0.46,0.31,69.17,392.51,1.0,76.39,2.24,2.67,45.83,2.32,0.54,,,171938,15,12,8,True,False
Sweet Potato Chicken Soup,467.9,18.15,4.55,52.87,45.34,14.17,62.71,573.61,23.02,34038.67,0.64,29.81,0.43,9.63,7.52,1244.43,0.3,57.94,9.63,1.64,0.5,105.03,275.2,0.89,81.77,2.04,2.66,17.84,2.33,0.23,,,542216,23,14,4,True,False
Chicken Taco Soup,435.58,8.32,2.2,49.49,38.81,15.36,76.58,1425.53,43.52,1289.99,0.73,7.66,0.92,42.49,10.68,1474.03,0.33,91.41,6.62,2.08,0.45,343.55,610.73,0.91,115.09,3.52,4.76,28.43,2.01,1.84,0.33,,968056,33,10,6,False,False
Loaded Vegetable Chicken Soup,147.46,7.68,1.53,3.13,2.82,1.62,46.91,1112.21,15.88,,0.19,2.32,0.23,1.72,0.31,201.78,0.1,5.51,4.98,0.59,0.08,24.02,125.02,0.28,16.29,1.07,0.94,15.17,0.6,0.21,,,527824,7,3,4,True,False
"Chicken Noodle Soup with Zucchini Noodles {Gluten Free, Low calorie, Low Fat + High Protein}",149.12,6.43,1.73,14.74,10.12,9.12,37.88,281.2,10.55,5804.31,0.72,28.42,0.35,51.4,4.62,993.35,0.18,83.34,3.76,0.71,0.21,82.55,180.38,0.63,65.78,1.48,1.94,5.28,0.96,0.12,,,509649,61,2,6,True,False
Skinny Buffalo Chicken Soup,474.73,20.49,5.78,24.7,18.56,11.46,158.48,2313.68,50.41,13001.63,0.46,67.39,0.38,105.91,6.14,1052.9,0.23,126.66,4.44,1.1,0.23,95.26,170.44,0.58,47.5,1.01,1.63,5.32,1.38,,,,615998,37,9,6,False,True
Curried Chicken Soup,294.15,18.05,11.2,18.5,12.61,6.15,37.28,635.31,17.56,4583.86,1.14,14.64,0.16,28.42,5.9,714.29,0.15,45.24,7.51,2.01,0.36,66.85,247.62,0.87,66.55,1.36,2.86,23.04,1.33,0.12,,,391482,19,9,8,True,False
Chicken-Noodle Soup with Spinach,248.55,6.89,2.18,24.46,22.66,1.5,42.16,1599.71,21.7,3409.67,0.66,172.87,0.23,10.87,1.8,575.31,0.12,80.06,8.35,1.17,0.21,162.76,287.51,0.59,65.85,1.25,2.08,45.77,1.36,0.81,,,342362,25,6,4,False,False
Italian Chicken Soup,904.45,56.98,24.87,56.26,51.21,8.07,159.05,846.63,43.79,2304.29,0.85,39.59,0.48,44.93,5.05,966.11,0.2,51.26,11.73,3.77,0.45,486.83,600.56,0.7,92.23,3.56,3.8,58.03,1.59,0.99,1.29,,12093,25,29,8,False,False
Southwestern Vegetable & Chicken Soup,217.56,5.13,1.1,29.66,22.74,9.15,40.4,364.06,17.88,2775.9,0.59,172.03,0.27,82.03,6.92,948.11,0.23,66.38,6.91,2.63,0.41,94.27,270.89,0.63,83.47,1.76,3.59,11.01,1.2,0.45,,,695460,34,4,8,True,True
Chicken Noodle Soup (or Turkey Noodle Soup),270.4,7.51,1.67,29.7,27.54,3.29,75.02,1449.0,20.42,2786.76,0.53,9.23,0.3,2.09,2.16,364.0,0.17,23.19,5.75,0.7,0.2,49.03,210.17,0.34,39.92,1.77,1.76,42.15,0.95,0.31,,,1164271,10,6,8,True,False
Chicken Orzo Soup,263.56,11.11,5.78,19.9,17.7,4.94,75.64,1157.77,20.84,5912.44,0.33,47.18,0.3,7.7,2.2,611.41,0.14,32.51,8.96,0.8,0.13,93.67,254.38,0.7,42.5,1.09,1.01,34.56,1.44,0.27,,,626169,14,7,6,False,False
Rotisserie Chicken Soup,362.92,17.45,3.84,13.18,10.32,5.12,115.2,1010.43,41.3,7990.8,0.25,14.78,0.21,47.45,2.86,599.5,0.07,31.35,4.72,0.56,0.21,77.99,131.35,0.25,24.45,0.65,1.67,,0.27,0.28,,,1569057,19,6,5,True,False
Chicken Soup with Whole-Wheat Dumplings,305.95,6.96,1.95,36.4,32.05,10.31,78.17,794.71,24.66,8991.02,0.65,16.0,0.46,27.73,4.34,1031.16,0.34,84.66,12.77,1.84,0.35,107.2,318.95,0.86,75.57,1.49,2.49,34.22,1.53,0.24,0.29,,20693,26,6,6,False,False
Chicken Fajita Soup,285.13,6.67,1.27,35.71,29.92,2.6,36.29,671.78,21.49,1105.82,0.54,11.03,0.23,36.34,5.79,684.4,0.16,50.29,9.47,1.53,0.3,67.52,277.18,0.66,50.93,1.24,2.68,22.98,1.26,0.29,0.19,,1666311,19,6,8,True,False
Easy & Healthy Mexican Chicken Soup,264.1,8.27,1.83,21.58,14.54,4.68,59.83,1245.91,25.72,1406.71,0.42,6.41,0.33,43.8,7.05,564.36,0.22,66.43,7.21,1.26,0.26,88.79,253.59,0.52,54.65,1.87,3.69,20.83,1.03,0.25,,,809809,30,5,6,True,True
Alphabet Chicken Soup,76.63,2.27,0.53,5.14,4.37,1.51,21.0,778.63,8.7,2086.76,0.1,4.44,0.1,1.98,0.77,203.75,0.05,11.13,3.43,,0.07,22.56,89.74,0.19,12.93,0.57,0.75,12.96,0.57,0.44,,,233944,7,2,10,True,False
Thai-Style Coconut Chicken Soup,503.01,18.28,9.02,15.72,14.71,5.44,179.43,854.51,64.61,151.59,0.38,15.82,0.66,8.84,1.02,1310.88,0.3,58.08,22.31,0.86,0.39,50.81,645.0,1.68,85.15,11.71,5.6,76.19,2.78,4.25,0.47,,54356,38,12,6,True,False
Rich Chicken Soup with Fresh Noodles,383.87,9.15,2.98,37.45,34.42,7.87,107.03,842.23,32.84,4016.91,0.52,37.82,0.41,8.0,3.03,833.4,0.24,45.86,12.24,0.61,0.31,62.1,367.99,0.91,67.31,2.36,2.08,52.14,1.77,0.57,,2.06,207975,22,9,6,False,False
Slow Cooker Mexican Chicken Soup,576.84,29.33,8.87,48.16,28.35,5.25,104.7,1719.06,34.63,7265.21,0.81,39.18,0.72,24.06,19.81,1416.27,0.44,190.3,7.75,3.3,0.65,330.43,532.61,0.87,128.01,4.1,5.67,29.36,3.1,0.83,0.18,,1095995,37,16,6,False,False
Vietnamese Chicken Soup (Faux Pho),542.5,11.68,2.61,66.13,63.08,5.46,72.81,2319.38,45.55,3013.73,0.79,171.5,0.68,18.97,3.05,1529.57,0.18,92.36,24.95,1.11,0.72,100.95,634.93,1.18,100.99,2.45,4.17,52.08,2.63,1.0,0.23,,482552,39,13,4,True,True
Chili Chicken Soup with Bell Pepper + Hominy,290.05,6.08,1.18,29.87,23.6,5.7,72.57,734.9,29.26,2192.68,0.34,10.43,0.22,93.33,6.27,738.56,0.13,35.15,13.96,2.26,0.21,67.2,346.68,1.12,72.06,2.58,3.01,41.56,2.06,0.31,,,523938,28,6,6,True,True
Thai chicken soup,634.64,17.41,4.58,49.46,43.97,15.87,180.0,713.67,73.39,19181.55,1.95,238.45,0.77,214.63,5.5,1844.96,0.53,341.08,23.46,0.6,0.48,507.57,741.12,1.99,195.85,5.55,8.36,87.26,3.22,0.7,,,222800,100,13,4,True,False
Easy Chicken Soup,25.82,0.77,0.11,1.12,0.85,0.58,10.21,125.47,3.48,1452.01,0.03,5.53,0.04,1.12,0.27,91.4,0.02,,1.73,,,,36.36,0.13,5.72,,,4.97,0.24,,,,275758,2,0,30,True,False
Slow Cooker Chicken Soup,357.6,5.25,1.08,25.5,22.84,5.06,113.02,1085.02,40.0,4559.61,0.54,9.61,0.37,7.93,2.66,971.28,0.22,40.26,19.03,0.49,0.17,55.16,436.11,1.47,73.08,1.7,1.58,58.9,2.9,0.38,0.17,6.18,556145,27,7,4,True,False
Chicken Pasta Soup,169.86,3.65,1.27,17.23,15.64,2.5,39.74,891.88,17.09,490.7,0.28,3.49,0.3,20.57,1.59,511.07,0.11,26.09,8.92,0.45,0.24,25.28,219.99,0.6,35.72,0.93,1.16,37.99,1.76,0.53,,,164456,9,3,6,False,False
Creamy Wild Rice Chicken Soup with Roasted Mushrooms,656.44,32.61,18.7,61.42,53.87,9.14,128.97,512.08,33.26,12513.46,1.26,86.94,0.69,16.27,7.55,1414.01,0.18,73.34,18.62,1.64,3.57,222.0,579.65,1.32,96.74,3.44,3.15,43.67,4.25,0.57,1.36,,1146906,43,21,6,False,False
Verde Chicken Soup,253.15,9.56,1.84,17.35,13.24,5.18,54.77,1030.17,22.97,448.89,0.39,14.97,0.21,5.01,4.1,548.53,0.16,66.23,6.19,0.59,0.21,59.4,235.14,0.38,46.17,1.67,2.32,20.01,0.86,0.23,,,627484,18,6,8,True,False
Thai Coconut Chicken Soup – Tom Kha Gai,484.47,36.97,28.94,13.37,10.48,3.71,114.78,2061.51,30.19,149.1,1.82,5.18,0.72,20.51,2.9,970.41,0.27,48.05,10.81,0.44,0.72,45.24,410.28,0.7,76.93,3.42,4.34,34.16,2.72,0.85,,,836367,16,19,4,True,False
Mexican chicken soup with charred baby corn,509.05,26.77,4.71,44.63,32.45,13.34,57.9,741.61,30.09,7196.96,0.56,111.66,0.76,128.03,12.18,1541.96,0.36,166.8,14.61,3.89,0.66,82.47,388.74,1.11,96.64,3.11,3.78,28.49,3.87,0.23,,,763155,100,14,4,True,False
Asian-Inspired Chicken Soup,245.61,8.91,1.84,14.25,10.72,5.12,107.73,504.5,28.98,2793.72,0.44,82.13,0.4,37.33,3.53,916.84,0.18,80.52,10.15,0.92,0.3,124.48,358.81,0.79,65.88,2.51,2.67,27.55,1.86,0.9,,,835662,27,5,8,True,False
Clear Chicken Soup,258.63,14.78,4.19,11.06,8.48,4.1,71.42,441.11,20.34,2906.71,0.28,14.93,0.19,18.61,2.58,386.68,0.15,36.97,7.51,0.46,0.19,48.85,194.43,0.47,41.98,1.74,1.71,14.66,1.07,0.3,0.19,,1088172,9,6,4,True,False
Slow Cooker King Ranch Chicken Soup,551.91,34.87,19.71,20.86,18.2,3.36,155.08,1052.82,40.15,2007.78,0.29,9.32,0.44,24.79,2.66,847.99,0.23,46.53,15.15,2.55,0.26,358.65,538.49,1.11,67.83,2.63,3.32,47.85,2.04,0.74,0.38,,1070586,18,17,6,False,False
Coconut Curry Chicken Soup,576.48,19.88,8.77,62.91,58.36,12.07,72.57,1341.52,36.47,6135.76,0.92,260.6,0.38,89.5,4.54,1315.44,0.19,126.34,18.08,2.89,0.43,125.61,479.43,1.37,111.62,1.93,4.39,45.16,1.9,0.62,0.16,,719182,42,16,4,True,False
Creamy Green Chile Chicken Soup,304.86,5.13,1.62,25.94,23.4,9.2,78.47,509.18,33.11,721.91,0.33,10.92,0.43,97.09,2.54,959.28,0.33,48.13,15.11,0.72,0.2,178.88,441.63,1.22,63.77,1.59,1.94,44.11,2.25,1.06,1.41,3.09,695375,29,6,4,False,True
Classic Chicken Soup,273.76,16.6,4.73,9.17,6.95,4.02,81.65,516.17,21.35,8860.93,0.23,9.57,0.18,10.23,2.22,456.55,0.12,28.14,8.01,0.68,0.14,54.61,193.39,0.52,36.32,1.68,1.44,16.14,1.2,0.34,0.22,,824494,10,7,6,True,False
Lemony Chicken Soup,211.38,13.84,7.95,13.31,12.76,3.77,51.23,903.63,8.84,405.51,0.18,1.23,0.29,4.71,0.55,184.76,0.17,24.76,2.54,0.4,0.06,85.45,116.7,0.12,15.85,0.73,0.95,10.66,0.47,0.32,0.34,,466601,2,7,8,False,False
Chicken Soup with Stuffed Noodles,300.07,15.76,5.62,21.49,19.55,2.5,107.24,508.65,17.24,4403.52,0.28,12.85,0.27,3.87,1.94,299.42,0.28,57.02,6.21,0.73,0.11,53.67,171.63,0.33,28.08,1.38,2.11,20.82,1.03,0.37,0.39,,426571,8,8,10,False,False
Golden Turmeric Chickpea Chicken Soup,451.35,15.31,6.36,42.14,32.35,9.12,72.57,902.42,38.32,11465.52,1.4,20.29,0.36,147.9,9.79,1319.6,0.24,101.64,17.79,3.05,0.48,95.24,489.34,1.93,106.91,2.38,3.6,39.69,2.86,0.46,,,834788,50,11,4,True,False
Chicken Barley Soup with Walnut Pesto,426.89,25.02,6.73,28.89,22.87,3.32,72.72,598.41,22.65,5133.39,0.74,242.97,0.21,19.53,6.03,556.95,0.21,33.94,7.92,1.73,0.4,120.27,272.68,0.57,85.5,2.29,2.41,26.36,1.17,0.37,0.24,,20503,24,12,8,False,False
Tom Ka Gai (Spicy Chicken Soup W/ Coconut Milk),708.61,57.19,45.9,37.79,28.13,15.97,26.93,1826.61,21.46,545.79,2.24,8.51,0.47,17.27,9.65,1208.05,0.21,103.68,9.02,0.93,1.03,68.34,417.0,0.51,124.32,3.24,6.55,40.86,1.72,0.14,,,122317,17,33,6,True,False
Chicken Soup with Spinach and Whole Wheat Acini di Pepe,403.87,15.51,6.72,26.5,22.94,6.16,127.75,834.5,41.16,6733.91,0.35,86.42,0.49,103.12,3.57,870.86,0.19,81.53,10.7,2.04,0.25,414.39,534.96,0.88,68.28,3.16,3.13,33.0,1.85,1.32,,,871290,38,9,4,False,False
Lemon Chicken Soup with Dumplings,153.53,6.29,1.06,13.99,12.65,1.89,87.89,310.52,9.99,3171.2,0.17,13.72,0.17,5.72,1.34,246.72,0.09,21.09,3.65,1.01,0.11,37.63,120.5,0.31,21.47,0.62,1.06,19.27,0.83,0.22,0.4,,205709,5,3,8,True,False
Oh-So-Good Chicken Soup,247.82,6.73,1.69,22.53,19.13,4.22,57.08,1156.97,24.83,718.58,0.55,49.75,0.46,6.8,3.4,668.42,0.24,56.32,11.06,1.52,0.32,103.53,327.13,0.79,55.02,1.88,2.68,43.02,1.99,0.26,0.25,,435259,21,5,6,False,False
Chicken Gnocchi Soup,380.07,13.04,5.12,50.74,48.06,10.31,36.46,639.06,15.47,2488.11,0.15,33.2,0.52,5.08,2.68,613.82,0.19,38.21,4.57,1.12,0.11,190.08,332.31,0.39,43.93,1.68,3.58,16.45,1.18,0.88,0.15,,489275,10,12,6,False,True
Easy Southwestern Chicken Soup,186.07,2.66,0.66,35.08,26.0,11.12,6.78,1074.52,10.34,1769.9,0.49,24.94,0.23,20.79,9.08,979.32,0.15,58.0,4.05,3.55,0.39,63.07,190.11,0.31,66.77,1.33,3.56,6.41,0.65,0.06,,,420149,12,5,6,True,False
Creamy Chicken Soup,578.12,25.48,8.35,57.2,49.63,8.06,118.67,744.82,30.2,9425.22,0.92,36.17,0.43,6.44,7.58,1141.16,0.33,102.52,8.45,2.15,0.52,135.44,371.95,0.64,100.68,3.13,5.13,43.51,1.39,0.57,0.4,,1152270,25,16,8,False,False
Tinolang manok (ginger-flavored chicken soup with green papaya and chili leaves),499.49,29.17,8.36,21.98,18.71,13.23,142.83,226.74,37.0,1714.3,0.26,7.08,0.29,100.37,3.27,723.0,0.18,74.05,13.63,1.05,0.2,71.37,315.2,0.85,77.82,2.76,2.3,29.58,2.11,0.6,0.38,,478222,13,15,4,True,False
Spicy Lime Jalapeno Chicken Soup,359.18,15.22,4.23,28.41,22.23,2.56,76.11,1139.21,27.61,191.34,0.74,5.76,0.31,12.31,6.18,778.74,0.23,82.99,7.22,1.42,0.36,112.47,260.38,0.47,81.08,2.71,4.47,16.74,1.17,0.34,0.19,,716491,12,11,8,True,False
Butternut Squash Green Chile Chicken Soup,762.09,19.92,4.25,89.74,78.93,17.39,215.46,1294.78,64.16,33008.53,1.32,37.02,0.79,282.54,10.81,2795.6,0.69,217.12,25.82,6.48,0.82,261.34,838.46,2.3,220.64,5.65,7.95,54.82,4.41,1.91,,,960581,77,13,2,True,False
Slow Cooker Mexican Cheesy Chicken Soup + Giveaway,735.92,45.48,18.25,34.6,19.93,8.95,158.22,1846.41,51.26,2239.13,0.58,29.2,0.81,70.98,14.67,1518.51,0.36,171.84,15.42,4.07,0.5,623.84,771.82,1.49,125.66,4.76,3.51,57.49,3.71,1.15,0.55,,678545,41,22,6,False,True
Chicken Veggie Soup,220.01,5.95,1.72,28.15,22.15,10.07,39.37,1140.25,16.07,3606.79,0.68,13.8,0.33,37.17,6.0,803.52,0.24,43.54,8.36,2.32,0.42,82.25,218.59,0.75,60.04,1.33,2.63,25.7,1.38,0.15,,,381992,19,4,7,False,False
Einat Admony's Chicken Soup With Gondi (Iranian Chicken and Chickpea Dumplings),409.95,14.99,3.0,50.12,41.43,6.12,54.55,2144.23,20.24,5952.1,1.64,28.83,0.48,18.32,8.69,846.44,0.33,74.53,5.28,1.34,0.4,115.81,260.91,0.99,78.19,2.29,4.22,19.88,1.29,0.37,,,198274,26,10,4,True,False
keto chicken soup,233.42,12.38,2.09,5.74,4.1,2.7,112.43,1198.41,24.7,257.06,0.27,17.16,0.39,26.33,1.64,549.5,0.19,42.42,7.22,0.47,0.14,45.33,254.5,0.65,40.36,2.1,1.47,27.23,1.79,0.77,,,1068054,10,4,4,True,False
Chicken Noodle Soup: A Catch-All Comfort & A Le Creuset Giveaway,301.97,6.72,1.46,33.73,30.29,5.11,84.2,358.44,27.41,5210.99,0.44,37.92,0.31,100.21,3.44,800.71,0.18,56.92,13.12,1.85,0.28,36.2,348.23,0.99,57.63,1.66,1.9,56.91,2.09,0.42,0.23,,580587,39,6,8,True,False
Nourishing Asian Chicken Soup + a new playlist,327.87,13.3,2.73,22.28,20.19,3.04,107.73,854.75,31.13,3765.35,0.72,44.6,0.38,63.74,2.08,884.84,0.18,37.45,12.03,0.7,0.45,89.0,375.93,0.74,62.64,2.73,3.42,28.49,1.5,1.09,,,1080958,28,7,4,True,False
Chicken Pesto Soup,283.45,14.15,3.11,17.09,14.15,11.39,61.76,1374.82,22.96,860.73,0.37,73.31,0.36,18.42,2.94,659.78,0.22,41.51,7.44,1.9,0.31,129.39,231.02,0.57,50.01,1.77,2.85,19.75,1.19,0.41,0.34,,704033,26,7,4,False,False
Paleo Greek Lemon Chicken Soup Recipe,271.42,13.32,5.83,10.94,9.02,3.57,192.0,493.18,28.36,3241.95,0.18,8.85,0.39,28.17,1.92,652.71,0.11,55.11,9.21,0.57,0.23,64.35,315.04,0.53,33.79,2.01,2.35,29.36,1.63,0.77,0.75,,1159596,13,7,4,True,False
Chicken Soup with Potato Dumplings,295.46,11.34,2.47,28.43,25.85,6.67,49.58,1431.98,19.51,4210.77,0.39,14.92,0.41,11.47,2.58,553.81,0.3,52.25,6.89,0.86,0.48,101.21,312.56,0.45,37.99,1.48,2.04,17.37,1.08,0.38,,,404436,15,7,5,False,False
Creamy Crack Chicken Soup,309.24,22.76,11.2,4.65,4.19,1.56,91.75,311.76,21.71,1588.48,0.13,45.8,0.26,5.16,0.45,348.96,0.08,27.11,6.19,0.59,0.11,133.16,238.86,0.33,29.5,1.69,1.33,21.22,0.81,0.48,0.2,,1163887,6,10,10,False,False
Hearty Chipotle Chicken Soup,308.03,7.92,2.39,40.61,32.42,5.12,38.23,722.67,21.64,536.97,0.51,5.66,0.18,9.2,8.18,728.01,0.16,56.59,7.81,1.12,0.3,118.2,287.56,0.46,71.34,1.61,3.52,11.05,0.75,0.27,0.2,,144731,13,7,8,False,False
Chicken Noodle Soup with Fresh Tarragon,510.72,13.75,3.72,50.33,49.4,7.59,99.45,1569.18,42.58,209.26,0.52,1.37,0.63,2.71,0.93,884.19,0.26,40.44,16.92,,0.38,76.23,416.51,0.85,60.14,2.82,3.81,44.33,1.13,0.33,,,139202,25,13,4,True,False
Chicken-Udon Soup,337.48,8.64,1.3,37.68,34.27,9.24,42.52,1287.84,25.98,116.52,0.18,21.76,0.16,2.94,3.41,768.95,0.05,14.51,5.6,0.69,0.1,24.54,156.54,0.37,25.82,1.28,1.21,15.96,0.98,0.16,,1.55,197528,4,9,4,True,False
Chicken Wonton Soup,185.23,10.1,1.92,11.6,9.95,1.73,33.05,376.5,13.75,2555.2,0.19,10.7,0.27,27.12,1.65,538.63,0.09,14.18,6.91,0.6,0.22,87.59,187.77,0.35,22.5,1.21,1.72,7.74,0.88,0.46,,,995500,9,4,6,True,False
Easy Thai Chicken Soup - Paleo,482.07,40.58,23.96,9.87,8.26,3.79,113.11,1410.19,23.38,644.91,1.01,13.01,0.43,51.66,1.61,762.31,0.2,36.25,8.28,0.56,0.5,45.01,334.63,0.62,87.91,2.42,4.76,26.51,2.11,0.79,0.21,,543089,12,18,4,True,False
Witches' Brew Chicken Soup,291.48,12.62,6.7,23.95,18.79,1.79,53.37,562.81,21.19,2416.16,0.46,3.42,0.28,6.12,5.17,546.14,0.2,91.96,3.97,0.43,0.19,286.49,345.81,0.39,67.65,2.01,1.94,22.82,0.91,0.44,0.3,,225872,11,8,15,False,False
Creamy Slow Cooker Green Chili Chicken Soup,233.86,9.55,1.57,24.02,17.98,6.4,29.74,1607.29,14.76,552.82,0.51,12.38,0.18,12.38,6.05,709.67,0.15,32.52,5.76,3.16,0.38,79.45,200.8,0.5,57.66,1.14,3.26,14.23,1.06,0.09,,,434055,8,5,6,True,False
Chicken Soup,184.47,6.53,1.28,17.52,16.33,1.86,35.26,739.29,13.37,2062.92,0.84,3.57,0.19,1.56,1.19,238.15,0.16,10.6,4.68,0.56,0.11,25.73,145.97,0.3,40.52,1.2,1.06,11.15,0.76,0.16,,,480835,17,4,10,True,True
Chicken Soup Au Pistou,211.72,6.14,1.03,27.27,21.68,5.29,21.85,834.44,13.36,2922.38,0.52,12.79,0.22,18.39,5.59,750.27,0.22,65.44,4.9,1.17,0.28,82.98,190.55,0.54,61.85,0.96,2.3,12.34,0.93,0.09,,,454029,24,4,8,True,False
Mesclun Chicken Soup,205.12,6.67,1.79,15.13,14.22,0.33,56.78,279.56,22.35,113.74,0.57,,0.08,2.79,0.91,265.19,0.06,5.7,3.96,,0.17,18.35,114.71,0.12,25.29,0.58,0.84,,0.21,0.24,,,203151,4,3,4,True,False
Thai green chicken soup,432.33,31.41,15.71,19.88,15.85,10.19,67.91,731.84,19.0,5997.64,0.65,27.53,0.32,13.83,4.03,642.43,0.18,41.5,7.24,2.02,0.35,96.89,236.69,0.5,60.48,1.71,3.23,20.74,0.87,0.42,,,216646,11,16,8,True,False
Chipotle Chicken Soup,356.99,4.87,1.12,54.88,43.84,12.43,34.69,1672.75,24.28,10352.73,0.64,6.14,0.42,32.24,11.03,1244.16,0.36,106.47,10.29,1.35,0.6,130.96,331.82,0.85,94.42,1.66,4.59,20.91,1.61,0.09,,,638746,31,8,5,True,False
Greek Lemon Chicken Soup,444.65,12.27,2.61,49.28,40.29,8.13,81.42,775.61,34.61,7187.03,1.07,137.82,0.53,14.33,8.99,1479.32,0.37,170.68,10.0,2.73,0.62,170.8,394.58,0.78,129.42,3.51,6.63,27.14,1.35,0.48,,,972382,47,11,6,True,True
Detox Chicken Soup,312.71,8.55,1.7,33.91,29.07,6.87,43.49,638.07,25.58,4331.46,0.65,90.9,0.64,21.87,4.84,1147.28,0.28,86.73,12.51,1.4,0.61,122.5,342.18,0.78,72.83,2.19,3.26,45.44,1.91,0.17,,,840191,53,7,8,True,True
Homemade Cream of Chicken Soup,380.36,32.28,19.13,7.65,7.09,4.11,129.35,940.57,15.68,3975.31,0.15,26.53,0.37,3.24,0.56,287.82,0.11,10.8,4.42,0.94,0.08,75.37,153.31,0.25,20.75,1.13,0.97,14.98,0.73,0.31,1.27,,512764,7,15,6,False,False
Southern Italian Chicken Soup,476.3,18.86,7.17,36.6,29.0,8.1,90.48,1608.89,40.8,3148.95,0.74,20.84,0.38,14.81,7.6,858.29,0.33,150.85,10.74,2.13,0.35,480.71,525.52,0.91,96.68,2.53,3.98,36.75,1.89,0.57,0.24,,202214,27,12,8,False,False
Chicken Soup with Saffron and Almonds,268.72,17.65,2.13,20.55,15.78,2.47,0.0,293.46,11.87,2661.43,0.84,142.52,0.5,23.25,4.77,872.48,0.14,78.76,6.05,6.18,0.53,101.98,240.5,0.36,91.08,1.34,2.69,4.99,0.84,0.25,,,236740,63,7,4,True,False
Korean Chicken Soup,168.72,4.91,1.21,18.35,17.73,0.75,17.5,251.16,13.99,,0.27,8.43,0.15,1.7,0.62,388.82,0.05,7.76,6.54,,0.28,41.58,176.1,0.21,20.89,1.02,1.42,8.96,0.42,0.38,,,696476,16,4,6,True,True
Ang Chow Chicken Soup With Preserved Mustard Greens,686.95,48.26,12.96,11.19,8.4,1.16,283.38,524.09,49.39,366.4,0.27,99.8,0.41,1.32,2.79,1244.9,0.22,40.22,13.59,0.7,0.18,63.28,493.0,1.1,65.3,3.8,2.59,55.15,3.11,1.85,0.29,,632356,20,19,4,True,False
Gluten Free Condensed Cream of Chicken Soup,266.27,10.78,3.77,30.39,29.58,10.77,22.07,1261.82,11.35,168.13,0.16,4.18,0.42,,0.81,401.24,0.29,47.51,4.78,0.17,0.16,178.71,330.26,0.22,28.8,0.94,1.47,9.09,0.68,0.63,1.02,,612125,5,9,4,False,False
Green Curry Coconut Chicken Soup,413.41,27.97,22.42,31.47,25.38,10.16,32.0,76.1,17.0,2406.37,1.16,2.17,0.14,52.71,6.1,759.17,0.18,57.1,8.05,0.85,0.35,40.14,297.65,0.65,82.32,1.71,2.76,22.67,1.85,0.1,,,594058,17,17,4,True,False
Roasted Vegetable-Rosemary Chicken Soup,184.75,5.74,0.9,17.12,15.05,3.5,36.29,976.08,16.14,3344.89,0.27,9.05,0.19,27.93,2.07,499.85,0.11,29.51,8.12,1.07,0.17,34.43,200.32,0.61,34.24,0.79,1.0,33.4,1.46,0.52,,,228820,15,4,8,True,False
Southwest Chicken Soup,208.71,3.78,0.53,28.43,20.1,3.18,32.21,973.48,17.67,743.08,0.43,14.23,0.3,36.63,8.33,700.46,0.25,85.6,6.54,0.94,0.26,57.44,242.9,0.56,62.27,1.22,2.46,16.83,1.05,0.12,,,386771,14,4,5,True,False
Coconut Lime Chicken Soup – 3 Points,150.82,6.37,4.99,11.21,9.37,4.63,24.19,1676.09,11.98,6356.7,0.34,66.95,0.19,71.94,1.84,643.83,0.11,106.28,6.02,0.29,0.1,169.15,162.86,0.67,59.06,0.62,1.74,18.04,0.96,0.5,,,548158,22,4,6,True,False
Buffalo chicken soup with orzo,570.4,29.13,14.01,30.05,28.24,6.47,113.26,1362.29,44.78,5783.51,0.27,20.99,0.59,4.48,1.81,643.8,0.19,41.09,9.95,0.92,0.26,618.22,607.49,0.58,61.95,3.82,2.11,49.91,1.26,0.95,0.35,,588610,28,17,4,False,True
Greek Lemon Chicken Soup (Avgolemono),286.83,5.67,1.62,35.19,34.6,0.99,106.97,491.97,24.08,136.16,0.41,3.51,0.27,6.86,0.59,601.97,0.07,18.0,11.36,0.38,0.29,40.12,305.01,0.56,30.73,1.32,1.62,29.3,1.47,0.64,0.44,,1178147,9,7,4,True,False
Chicken Rice Soup,522.64,21.75,5.37,58.9,56.29,3.36,46.19,420.96,23.59,4595.99,0.79,84.84,0.23,35.12,2.62,762.51,0.12,37.35,11.73,2.84,0.35,62.06,310.28,0.68,44.86,1.53,2.03,27.66,1.64,0.44,,,737578,26,14,6,False,True
Chicken Pozole Soup,629.66,30.62,8.47,51.83,41.39,10.19,115.84,1193.16,41.99,749.3,0.46,66.14,0.3,38.15,10.44,825.29,0.17,76.84,5.2,3.41,0.42,222.82,306.58,0.43,82.35,3.13,3.49,10.64,1.38,0.41,0.35,,1069268,22,15,6,False,False
Homemade Cream of Chicken Soup with Wild Rice,378.88,13.92,7.92,53.08,46.81,14.72,42.24,1329.26,13.59,13017.65,0.88,14.83,0.55,100.38,6.27,793.08,0.3,99.24,5.03,2.33,0.3,202.41,361.21,0.56,107.7,3.47,1.76,6.63,1.38,0.72,1.34,,513960,21,12,4,False,False
Crock Pot Low Carb Buffalo Chicken Soup,361.42,31.49,11.37,8.14,7.41,2.58,68.17,1056.81,12.99,295.78,0.29,59.87,0.17,13.96,0.72,404.8,0.07,20.38,4.6,0.93,0.18,38.65,219.93,0.28,31.74,1.12,1.93,11.82,0.94,0.53,,,1064197,4,13,4,False,False
Thai Coconut Chicken Soup,225.84,15.9,12.59,3.77,3.54,0.9,49.56,939.18,18.45,427.06,0.65,6.9,0.21,1.88,1.77,543.97,0.1,19.84,9.27,0.17,0.28,27.87,248.46,0.62,58.06,1.1,2.73,29.92,1.49,0.2,,,1065106,6,8,6,True,False
Ginger Chicken Soup,154.61,5.71,1.15,9.63,8.62,3.54,36.8,433.96,15.89,2271.3,0.16,56.52,0.24,26.11,1.01,538.31,0.12,51.81,8.1,0.32,0.14,74.1,177.02,0.61,33.35,0.71,1.21,20.3,0.79,0.1,,,10010,18,3,6,True,False
Enchilada Chicken Soup,197.21,11.46,4.69,14.76,13.21,7.87,34.89,945.42,8.49,721.96,0.04,2.34,0.16,3.21,1.55,359.21,0.06,,1.57,0.36,0.06,118.64,120.66,0.12,15.07,0.7,0.86,5.34,0.56,0.46,0.81,,382953,1,7,7,False,False
"Roasted Poblano, Corn & Chicken Soup",634.56,35.25,9.14,41.7,29.34,12.93,106.43,246.3,44.3,3167.86,0.6,36.53,0.61,176.38,12.36,1399.89,0.41,178.26,14.03,4.43,0.41,228.66,542.1,1.32,123.12,4.13,3.6,36.19,3.72,0.71,,,583877,50,17,6,False,True
Orzo Chicken Soup,188.35,5.11,2.27,19.42,17.67,3.59,43.23,1178.09,15.82,3168.46,0.4,72.06,0.25,8.14,1.75,322.88,0.13,22.37,6.05,0.49,0.14,42.94,144.93,0.3,30.66,0.96,1.19,22.91,0.57,0.18,,,414190,11,4,4,False,False
Chicken Noodle Soup with Dill,271.8,5.93,1.52,23.3,21.51,2.61,79.96,268.68,32.41,5200.86,0.29,7.5,0.26,5.58,1.8,910.57,0.13,20.42,16.6,0.51,0.32,48.27,393.14,0.92,48.3,1.48,1.76,47.5,1.74,0.65,0.16,,697050,26,5,6,True,True
Skinny Thai Chicken Soup,254.03,19.33,14.72,10.05,7.37,5.15,29.27,712.91,13.0,2344.34,0.92,98.11,0.31,22.33,2.68,527.72,0.12,62.93,4.88,0.85,0.35,49.05,181.51,0.29,54.54,1.39,2.42,16.41,0.97,0.14,,,171441,17,10,6,True,False
Jalapeño Lime Chicken Soup,395.24,12.34,5.45,37.44,30.22,6.96,79.15,1209.45,32.92,841.67,0.75,6.35,0.28,17.67,7.22,1128.67,0.21,95.99,8.37,1.58,0.38,268.63,397.44,0.72,98.2,2.88,4.58,31.96,1.48,0.83,0.19,,601314,19,10,12,False,False
Mama's Chicken Soup,332.38,9.3,2.0,14.71,12.13,4.46,120.96,720.69,47.42,3461.17,0.28,10.97,0.32,12.95,2.58,1202.08,0.18,37.84,24.46,1.23,0.27,49.62,529.97,1.56,66.94,1.69,1.7,61.25,2.97,0.69,0.19,,43525,33,5,6,True,False
Clean Eating Instant Pot Chicken Soup,127.56,2.58,0.56,7.55,5.3,3.22,51.52,735.43,18.69,3617.87,0.28,18.92,0.23,30.89,2.26,582.66,0.13,43.6,8.79,0.44,0.09,44.94,205.62,0.73,36.45,0.84,1.18,25.47,1.55,0.18,,,971268,16,1,6,True,False
Farmhouse Chicken Soup,183.09,9.4,2.8,11.14,10.2,1.66,69.32,169.63,12.79,1976.54,0.15,9.92,0.18,3.17,0.93,213.36,0.14,32.37,4.48,0.36,0.09,41.58,128.68,0.26,20.58,1.01,1.25,13.99,0.75,0.29,0.37,,414919,4,5,12,False,False
Low Carb Mexican Chicken Soup,94.89,3.24,0.7,5.29,4.5,2.43,30.95,989.01,11.03,273.7,0.2,24.92,0.22,12.02,0.79,262.62,0.1,9.74,3.57,0.29,0.09,36.43,110.68,0.22,19.86,0.87,1.43,9.94,0.46,0.15,,,762626,10,1,8,True,False
Low Carb Buffalo Chicken Soup,352.12,27.35,14.73,4.36,4.3,3.69,119.36,1857.9,22.09,819.88,0.13,2.42,0.39,15.24,,311.53,0.12,8.59,6.15,0.69,0.09,85.28,210.74,0.35,24.11,1.53,1.18,21.73,0.98,0.4,,,971680,3,12,4,False,True
Curly Noodle Chicken Soup,229.39,7.76,2.43,24.53,21.93,4.63,41.59,653.36,15.67,2538.06,0.45,14.29,0.21,7.67,2.61,510.11,0.16,30.39,6.84,1.42,0.2,50.29,181.86,0.54,40.81,0.91,1.55,30.44,1.06,0.13,,,434510,10,5,9,False,False
Lemon Chicken Soup,561.24,22.33,10.76,45.78,41.94,10.87,95.15,1312.95,44.25,3719.01,0.51,94.88,0.48,31.48,3.84,788.89,0.24,63.64,10.39,0.74,0.39,436.66,513.77,0.72,74.02,2.98,2.92,50.33,1.22,0.57,0.26,,973691,26,16,4,False,False
Chicken Soup for the Soul,744.88,43.32,12.39,28.37,21.71,7.53,211.69,297.41,58.36,5094.21,0.77,98.07,0.48,59.8,6.66,1012.23,0.39,106.84,21.08,1.83,0.35,96.9,545.77,1.26,103.12,4.86,4.4,49.36,3.1,0.88,0.56,,101305,45,18,6,True,False
Slow Cooker Pumpkin Peanut Butter Chicken Soup,408.45,21.85,8.17,20.81,16.57,5.5,72.57,520.88,32.99,11135.18,0.79,11.94,0.23,6.35,4.24,830.54,0.16,42.33,16.77,2.98,0.29,51.19,393.92,1.07,101.26,1.64,2.19,38.16,2.29,0.29,,,1141932,25,10,6,True,False
Chicken Noodle Soup Casserole,279.32,15.48,5.74,25.37,23.01,1.92,52.7,823.63,10.62,2714.95,0.34,5.23,0.18,5.51,2.36,264.41,0.12,22.68,2.72,0.79,0.24,63.61,146.74,0.16,30.87,1.16,2.03,17.47,0.69,0.17,,,1037833,4,8,8,False,False
Mexican chicken soup – whole 30,158.68,6.37,1.68,17.27,12.81,9.42,30.24,1309.15,10.51,6871.75,0.39,27.28,0.3,54.81,4.46,757.24,0.18,48.33,4.87,2.42,0.24,96.16,131.99,0.49,44.11,1.12,2.76,7.08,0.82,0.14,,,560994,15,3,6,True,True
Skillet Southwestern Chicken Soup,340.19,10.91,1.68,38.91,29.87,4.07,38.4,1405.86,22.93,283.43,0.55,8.49,0.31,13.18,9.04,923.43,0.29,109.36,8.57,2.18,0.41,82.28,313.69,0.63,82.61,1.54,3.92,20.72,1.24,0.14,,,462848,17,8,4,False,False
BLT Chicken Soup,604.53,22.19,5.35,51.22,45.45,13.73,93.63,688.29,39.23,7522.2,0.95,55.9,0.46,38.29,5.77,1430.44,0.36,102.78,18.42,2.93,0.49,124.72,472.9,1.48,110.22,2.21,4.12,63.37,2.26,0.33,0.2,6.18,397726,41,14,4,True,False
(Condensed) Homemade Cream Of Chicken Soup,40.08,1.16,0.47,5.22,5.07,1.31,3.93,169.4,2.05,,0.04,,0.07,,,67.68,0.05,9.43,0.86,,0.03,23.01,32.32,0.04,4.77,0.17,0.31,2.65,,0.09,0.18,,527320,0,1,10,False,False
Slow Cooker Fiesta Chicken Soup,142.96,3.11,0.49,10.47,8.92,5.65,49.75,623.95,17.75,2478.7,0.19,6.5,0.15,12.98,1.55,579.99,0.11,18.58,8.69,0.56,0.08,26.49,194.46,0.67,33.81,0.73,0.88,24.74,1.29,0.16,,,521149,10,2,6,True,True
Lemon Ginger Chicken Soup,277.96,6.15,1.5,16.7,13.53,6.14,96.77,483.34,41.66,69.89,0.24,25.41,0.36,34.05,3.18,1084.67,0.19,64.12,20.8,0.45,0.41,56.48,472.3,1.32,71.26,1.64,2.26,49.23,2.57,0.62,0.15,,699865,27,7,3,True,False
Buffalo Chicken Soup with Orzo,572.61,29.38,14.05,30.05,28.24,6.47,113.26,2588.7,44.78,5783.51,0.27,21.14,0.59,4.48,1.81,643.8,0.19,41.09,9.95,0.95,0.26,618.23,607.49,0.58,61.95,3.82,2.11,49.91,1.26,0.95,0.35,,552467,24,17,4,False,True
Chicken Udon Soup with Bok Choy,644.97,14.92,2.43,80.1,72.04,13.39,98.36,2960.4,48.76,5982.85,0.34,23.92,0.43,35.69,8.05,504.94,0.16,20.1,10.98,0.92,0.18,124.18,282.01,0.62,39.94,2.35,2.6,31.66,1.63,0.41,,,705601,18,16,4,True,False
"Chicken Soup with Asparagus and Shiitakes, Served with Roasted Fennel Matzoh Balls",125.15,5.47,0.98,14.86,11.88,4.05,50.61,1006.84,5.41,340.44,0.36,48.91,0.29,8.98,2.98,403.05,0.13,37.59,1.97,1.33,0.15,53.8,100.1,0.14,22.44,0.77,1.71,9.8,0.67,0.15,0.31,,115444,5,3,8,True,False
Chicken Soup A La Grec,359.92,22.52,8.01,17.5,14.91,4.77,163.11,335.49,21.72,3433.72,0.33,90.64,0.28,18.27,2.59,553.16,0.15,48.55,7.28,1.16,0.14,110.26,283.6,0.52,45.53,1.99,1.94,20.44,1.63,0.57,0.72,,559102,13,11,8,False,True
Chicken Barley Soup,343.91,9.07,1.6,32.72,25.43,4.03,72.32,567.7,34.44,9152.5,0.73,16.63,0.33,6.18,7.29,1054.0,0.31,30.31,17.82,1.41,0.37,57.07,432.89,1.08,82.51,1.96,2.36,47.68,1.91,0.52,0.17,,1181137,35,6,4,True,False
Homemade Noodles & Chicken Soup,224.76,8.05,1.73,22.47,20.98,2.82,78.36,1086.3,14.91,2836.27,0.35,8.2,0.39,2.5,1.49,278.74,0.28,59.98,4.89,0.89,0.12,48.35,147.12,0.23,22.06,1.14,2.05,21.7,0.78,0.3,0.33,,505857,10,5,8,False,False
Slow Cooker Italian Chicken Soup,221.47,4.15,1.0,23.01,15.94,4.88,48.38,724.06,27.27,3936.35,0.47,177.69,0.31,69.42,7.07,943.72,0.14,58.43,12.31,1.35,0.25,165.47,290.38,0.85,57.04,1.21,4.32,24.83,1.35,0.39,,,483467,43,3,6,True,True
Chicken Bean Soup,151.98,1.98,0.37,20.27,15.43,3.56,25.51,567.0,13.75,566.67,0.42,6.93,0.14,11.91,4.85,556.01,0.14,53.06,5.07,0.47,0.2,34.96,184.6,0.42,48.99,0.98,1.62,14.52,0.77,0.09,,,406230,11,2,12,True,False
Chicken Rice Soup – Stove Top or Slow Cooker,334.36,9.67,3.11,36.38,33.82,7.12,60.59,611.58,25.84,6172.8,1.3,10.58,0.31,5.62,2.56,825.08,0.23,25.76,12.4,0.89,0.24,155.3,408.0,0.85,84.42,1.74,1.63,25.32,1.96,0.42,,,1053704,24,8,6,False,False
Lemony Chicken Soup with Greens,356.93,7.8,1.62,35.43,24.79,6.57,72.57,1279.1,40.29,17955.75,2.0,415.72,0.47,36.07,10.63,1767.28,0.25,220.15,18.32,2.34,0.56,207.97,523.0,1.76,140.85,2.52,5.14,40.16,2.43,0.58,,,483534,71,6,4,True,True
Florentine Chicken Soup,296.62,16.43,5.8,22.61,20.52,1.81,53.6,985.78,14.72,2729.88,0.86,118.54,0.13,25.68,2.09,439.46,0.09,60.18,5.15,1.02,0.24,77.44,179.88,0.42,55.64,1.06,1.81,25.83,0.64,0.13,,,463330,14,9,5,False,False
slowcooker chicken soup to soothe a weary soul,262.23,12.61,3.58,19.82,16.09,4.48,61.24,315.99,17.52,8424.36,0.34,58.56,0.17,22.3,3.74,689.43,0.15,53.23,6.83,0.86,0.17,62.53,188.6,0.61,46.91,1.46,2.01,12.39,1.17,0.25,0.16,,12156,18,5,8,True,False
Roasted Tomatillo Chicken Soup,202.23,9.99,2.69,14.94,13.67,6.59,32.36,531.89,13.21,679.21,0.21,23.6,0.28,12.54,1.27,533.81,0.14,32.73,7.56,1.2,0.21,44.14,159.81,0.46,34.24,0.69,1.7,15.32,0.55,0.08,,,497035,11,5,4,False,True
Chicken Soup with Matzo Balls,166.41,4.44,1.26,27.72,22.05,7.77,64.2,1291.44,5.71,15709.08,0.52,123.82,0.25,24.37,5.68,725.35,0.16,84.43,1.84,1.2,0.14,109.65,120.86,0.34,36.8,0.82,1.67,10.57,0.93,0.15,0.33,,544984,16,3,12,True,False
Chicken Caesar Soup,303.96,17.49,6.34,16.65,13.5,5.37,70.91,345.52,22.04,5929.7,0.25,47.99,0.27,101.59,3.15,863.17,0.16,97.81,11.3,2.57,0.18,53.61,275.66,0.99,47.16,1.07,1.72,25.43,1.55,0.34,0.39,,342715,28,8,6,False,False
Instant Pot Buffalo Chicken Soup,293.79,15.98,7.89,11.67,9.01,3.35,74.12,978.29,26.98,5880.82,0.2,38.54,0.35,6.46,2.66,900.32,0.13,65.08,11.07,0.94,0.19,229.47,366.39,0.72,44.21,1.84,1.35,29.77,1.91,0.75,0.24,,843282,17,7,10,False,False
Zesty Chicken Soup,140.11,3.65,0.53,16.26,12.3,6.63,29.03,461.11,12.8,2641.55,0.36,13.65,0.18,21.56,3.96,724.64,0.14,38.7,6.53,1.89,0.21,61.57,177.3,0.66,51.84,0.92,2.01,15.83,1.13,0.09,,,444629,12,2,10,False,False
Jalapeno Lime Chicken Soup + Weekly Menu,185.35,4.97,0.82,10.36,9.7,7.03,59.94,1159.3,23.25,678.36,0.07,1.58,0.2,17.14,0.66,712.33,0.09,7.64,11.97,0.49,0.15,24.01,247.72,0.74,29.46,0.79,0.84,29.52,1.36,0.36,,,705018,8,4,10,True,False
Chicken Verde Soup with Salted Yogurt,411.01,11.48,2.21,44.84,36.97,14.35,56.3,1397.78,30.77,936.87,0.64,12.88,0.42,65.16,7.86,1244.72,0.28,75.37,11.9,2.19,0.43,164.95,421.77,1.13,97.19,1.96,4.07,32.73,1.68,0.4,0.27,1.15,1164128,25,11,4,False,False
Steamed Herbal Chicken Soup,313.58,23.39,5.68,2.81,2.61,0.2,81.36,167.45,20.78,152.41,0.14,2.68,0.14,3.76,,252.14,0.08,7.36,7.51,0.44,0.1,27.74,173.12,0.47,27.1,1.53,1.16,16.52,1.04,0.34,0.22,0.78,564846,4,9,2,True,False
Lemon Chicken Soup with Fettuccine,471.53,19.2,7.54,24.91,22.45,4.38,145.45,1149.46,51.9,8167.23,0.27,68.16,0.24,9.73,2.46,578.17,0.09,26.55,5.82,0.46,0.28,343.29,348.59,0.2,34.97,1.58,1.73,19.78,0.45,0.71,0.18,,495727,22,8,4,False,False
Herbed chicken soup with assorted beans,561.14,20.55,5.59,52.65,48.26,9.05,95.22,318.86,42.42,2718.8,0.52,27.69,0.29,47.07,4.39,1740.95,0.54,58.88,11.48,2.05,0.86,193.16,422.24,0.73,213.35,2.25,8.53,18.53,1.47,0.39,0.25,,521959,35,13,6,True,False
Lemongrass Chicken Soup,185.05,6.92,1.85,8.69,6.96,2.71,70.98,528.02,23.55,6931.5,0.28,10.01,0.09,11.77,1.73,395.13,0.06,25.92,2.3,0.62,0.14,43.59,67.13,0.14,22.51,0.38,0.83,,0.27,0.11,,,900652,9,1,8,True,False
Chicken Soup with Jasmine Rice and Ginger,155.24,3.45,0.93,19.6,19.21,3.2,18.52,647.34,10.39,86.43,0.2,13.42,0.19,1.65,0.4,284.63,0.09,17.56,4.62,,0.19,25.59,103.16,0.23,26.97,0.75,0.85,11.05,0.34,0.07,,,42071,7,4,4,True,False
Chicken Soup With Rice,305.08,12.46,2.33,25.92,24.2,3.41,57.2,1148.77,21.41,5845.58,0.53,84.91,0.28,9.85,1.72,394.31,0.15,32.19,6.85,1.57,0.17,53.98,191.66,0.42,34.95,1.63,2.05,21.92,1.07,0.25,,,597086,36,7,4,True,False
Chunky Chicken Soup,160.84,6.45,0.91,11.25,9.12,3.31,57.39,872.61,14.25,2890.73,0.29,16.74,0.25,9.39,2.13,330.0,0.16,25.07,4.26,0.97,0.13,33.42,156.94,0.34,28.96,1.38,1.18,18.12,0.83,0.4,,,446525,8,3,8,True,False
Hearty Mexican Chicken Soup,76.89,3.2,1.12,5.7,4.57,0.67,18.91,261.48,6.83,97.07,0.11,3.3,0.04,1.15,1.13,128.21,0.03,14.71,0.39,0.34,0.05,43.49,43.6,0.05,12.69,0.38,0.61,2.14,0.12,0.1,,,277538,0,1,30,False,False
Zesty Queso Keto Chicken Soup,186.02,11.64,6.13,11.44,9.37,7.73,48.78,807.59,10.05,854.18,0.22,6.12,0.19,11.15,2.07,511.75,0.11,17.22,4.36,1.61,0.21,73.7,129.33,0.38,31.31,0.65,1.56,12.47,0.86,0.14,,,976693,5,5,8,False,False
Chicken Ramen Soup,235.69,11.16,1.74,4.74,3.73,2.46,81.97,2356.0,28.68,2946.46,0.71,168.0,0.46,11.49,1.01,713.56,0.21,69.94,13.37,2.08,0.16,62.45,282.25,0.93,62.67,1.22,1.96,38.89,1.71,0.32,,,945798,24,4,4,True,False
"Chicken Soup With Orzo, Shredded Grape Leaves, Tomatoes, Lemon And Herbs",464.7,27.03,4.45,42.35,37.4,11.07,17.69,560.03,14.96,3859.16,0.87,96.04,0.32,40.12,4.95,900.77,0.21,70.15,6.6,4.33,0.39,87.82,204.35,0.47,62.6,1.44,2.46,25.45,0.52,,,,492826,25,13,4,True,False
Slow-Cooker Thai Coconut Chicken Soup,225.9,14.16,10.23,8.77,6.37,4.66,72.86,594.54,17.54,3371.93,0.55,7.64,0.3,22.76,2.41,519.29,0.14,29.56,6.0,0.55,0.28,37.11,226.49,0.49,50.26,1.75,1.8,23.06,1.49,0.52,,,163353,10,8,9,True,False
Roasted Chicken Soup With Rice or Gluten Free Pasta,228.05,5.56,1.17,25.42,22.64,4.42,32.13,340.95,19.97,4572.17,0.36,19.44,0.17,5.31,2.78,552.89,0.08,31.68,9.09,0.23,0.26,55.81,223.4,0.39,35.18,1.08,1.79,23.79,0.7,0.36,,,1411699,45,5,12,True,False
Slow Cooker Spicy Chicken Soup – with variations to fit your pantry,319.04,4.13,0.83,40.84,33.0,4.81,74.57,1178.78,31.9,1032.19,0.55,3.77,0.34,33.66,7.84,997.6,0.29,76.98,14.31,1.17,0.31,59.87,390.37,1.14,85.39,1.78,3.32,40.05,2.21,0.25,,,504729,24,6,8,True,True
Hot and Sour Chicken Soup,521.89,27.59,6.95,32.8,29.97,13.14,157.37,1442.03,35.12,259.69,0.34,33.18,0.7,9.62,2.83,930.92,0.31,73.86,14.54,1.21,0.43,121.53,389.97,0.93,59.77,2.25,3.3,40.39,2.13,0.47,0.87,,520299,15,15,5,True,False
Chicken Noodle Soup with Lemongrass,497.95,13.16,1.56,63.03,55.96,12.66,54.43,1420.43,36.62,2843.92,0.7,32.66,0.34,13.26,7.07,1009.94,0.11,38.02,15.69,1.64,0.34,54.03,374.36,0.99,55.07,1.78,2.58,31.05,2.27,0.47,0.31,,491524,22,13,4,True,False
Cold-Fighting Couscous Chicken Soup,387.45,7.19,1.91,52.38,47.99,7.49,49.72,613.03,27.05,3379.21,0.64,79.96,0.36,19.91,4.4,694.73,0.24,58.09,10.18,0.44,0.34,67.05,281.71,0.59,57.74,1.81,2.73,19.97,1.28,0.16,,,626338,50,9,4,True,False
Silkie Chicken Soup,114.76,4.26,1.19,14.25,12.57,11.62,20.41,226.5,6.3,,0.07,,0.15,1.12,1.69,253.04,0.05,9.4,2.99,,0.17,18.07,72.95,0.15,18.34,0.57,0.56,6.78,0.73,0.09,,,540011,1,1,4,True,False
Chicken Barley Soup with Kale and Butternut Squash,351.64,9.09,1.96,40.35,31.41,4.54,107.73,400.64,30.44,17901.29,0.98,193.08,0.48,70.62,8.95,1159.95,0.34,82.31,11.78,2.73,0.42,221.62,391.48,0.88,112.33,2.88,3.72,36.29,2.04,0.88,,,493581,59,6,6,True,True
Spiced Chicken Soup,632.39,16.27,2.91,91.52,82.05,10.65,36.29,458.97,34.24,7884.4,1.02,89.13,0.4,148.05,9.47,1868.58,0.32,100.18,16.35,3.19,0.67,97.75,516.54,1.4,110.52,2.51,4.24,55.16,2.03,0.59,,,339312,96,14,4,True,False
Homemade Condensed Cream of Chicken Soup,474.44,38.68,24.03,25.36,24.15,7.68,104.94,156.15,8.59,1248.29,0.24,3.57,0.31,2.54,1.21,360.23,0.24,42.56,2.4,1.06,0.1,179.54,194.04,0.2,25.54,0.86,1.34,9.81,0.66,0.81,1.97,,1555943,3,21,1,False,False
Home-Style Chicken Soup,140.32,3.35,0.81,15.59,12.56,6.51,34.22,540.27,13.9,1601.64,0.34,8.74,0.4,11.01,3.03,628.82,0.18,30.28,6.49,1.38,0.42,52.06,173.26,0.38,39.18,1.33,2.29,20.53,1.58,0.16,,,418274,18,2,4,True,False
Chicken Soup with Dumplings ~ #SundaySupper - One Sweet Mess,488.66,19.59,7.16,45.93,42.41,10.61,83.26,1053.74,31.1,8013.43,0.38,12.99,0.63,5.82,3.52,949.62,0.43,81.97,12.45,1.21,0.31,179.43,437.25,0.66,58.26,2.35,3.49,34.75,1.21,0.43,0.82,,491338,34,14,8,False,False
Asian Chicken Soup,359.7,21.64,4.21,19.52,14.77,8.12,39.92,1480.51,27.67,12261.57,0.64,132.58,0.71,102.96,4.75,1507.25,0.24,181.43,15.91,1.16,0.59,286.29,425.12,1.1,84.49,1.79,4.25,27.79,2.45,0.5,0.25,,838286,50,9,4,False,False
Easy Homemade Turkey or Chicken Soup,859.34,31.8,10.36,41.6,39.19,4.14,328.86,1650.13,99.5,4505.92,0.26,7.71,0.97,5.08,2.42,1172.71,0.29,46.74,33.61,0.84,0.41,83.83,819.31,2.66,119.16,7.96,4.69,92.71,3.66,5.3,1.29,,543113,38,19,6,False,False
Avgolemono Greek Lemon Chicken Soup,184.05,6.47,1.81,13.78,12.68,2.82,157.05,1158.14,17.11,3916.56,0.31,3.06,0.37,8.17,1.1,300.56,0.12,29.52,3.98,0.62,0.13,47.64,181.58,0.27,25.51,1.42,1.58,28.41,1.04,0.45,0.67,,1578143,7,4,6,True,False
Asian Mushroom Chicken Soup,153.38,5.16,0.92,17.07,14.66,1.97,17.5,262.35,11.31,366.56,0.6,23.16,0.18,16.13,2.42,378.01,0.11,25.82,4.87,0.87,0.43,35.11,152.94,0.33,40.45,1.44,1.49,8.52,1.6,0.19,0.18,,171476,8,3,6,True,False
Cheesy Chicken Soup,393.29,16.89,6.24,36.06,31.08,6.32,71.47,1578.69,25.14,5533.44,0.47,10.63,0.52,28.62,4.98,928.59,0.24,40.45,6.71,0.86,0.28,273.95,598.93,0.62,55.22,2.56,2.48,11.28,1.32,0.24,0.73,,500047,13,9,12,True,False
Southwestern Chicken Soup,727.0,41.7,11.26,53.7,39.96,5.86,98.9,1298.96,38.97,1799.57,0.69,81.34,0.52,62.0,13.74,1179.02,0.43,196.02,11.88,5.2,0.4,327.51,575.64,1.12,140.3,3.61,3.83,41.75,2.81,0.56,0.27,,492009,41,21,5,False,False
My Favorite Chicken Soup with 3 Matzo Ball s,314.57,19.38,5.53,9.76,6.97,4.26,95.22,337.09,24.7,12303.65,0.36,25.99,0.21,8.83,2.8,532.66,0.14,27.82,9.41,0.89,0.12,51.74,221.03,0.57,39.36,1.9,1.62,18.54,1.41,0.39,0.25,,534038,13,7,6,True,False
Chicken Zoodle Soup,53.51,3.1,0.82,2.68,1.82,0.74,20.66,218.86,3.99,1464.41,0.18,6.91,0.05,1.71,0.85,132.11,0.03,6.46,1.32,0.81,0.04,20.58,41.19,0.09,9.65,0.34,0.7,2.58,0.2,0.07,,,1044572,6,1,22,True,False
Moroccan harira & chicken soup,452.13,17.09,2.89,46.09,31.17,13.72,107.64,742.43,30.89,10060.06,1.43,56.19,0.37,33.81,14.92,1280.88,0.46,196.4,8.82,4.19,0.41,146.63,433.48,0.92,113.61,3.72,6.42,30.21,2.55,0.73,,,223938,47,9,4,False,False
Chicken Tomato Soup,279.81,11.7,6.09,25.26,19.87,5.37,48.14,537.08,19.93,948.15,0.4,26.63,0.29,43.25,5.4,732.55,0.2,103.39,4.47,0.83,0.24,270.83,332.32,0.47,67.06,2.04,2.11,20.47,1.11,0.37,0.21,,438093,21,8,12,False,False
Chicken Quinoa Soup,329.69,9.78,2.52,31.82,27.55,10.66,72.38,886.07,29.65,7148.45,0.68,104.8,0.48,32.53,4.26,955.56,0.24,106.64,5.84,1.1,0.33,74.16,196.4,0.58,69.71,1.32,2.08,8.97,0.44,0.44,,,619019,31,6,4,True,False
One Pot Chicken Soup,317.12,14.5,3.9,28.43,25.84,3.23,103.19,137.33,17.84,5511.93,0.38,11.65,0.17,3.96,2.59,418.7,0.15,28.32,4.69,0.55,0.22,51.0,221.7,0.42,44.86,1.76,1.3,39.94,1.24,0.59,0.17,,516165,12,8,4,True,True
Cheater Chicken Soup,93.95,1.66,0.38,7.14,5.82,0.77,37.32,81.8,12.5,240.81,0.16,52.05,0.08,25.53,1.32,314.56,0.08,21.73,5.57,0.38,0.1,25.32,140.5,0.45,26.18,0.56,0.72,21.46,0.86,0.12,,,570921,8,1,6,True,False
Paleo Chicken Soup,341.07,15.16,6.78,12.99,12.31,1.06,140.54,476.7,38.81,2260.28,0.09,49.0,0.34,5.81,0.69,858.57,0.13,14.49,17.64,0.59,0.28,40.38,426.85,0.96,44.62,2.06,1.95,41.4,2.05,1.04,0.22,,612920,19,8,6,False,False
Gluten Free Cream of Chicken Soup,747.3,74.24,14.9,6.03,5.33,1.42,55.35,1000.28,15.87,182.1,0.13,63.28,0.15,2.64,0.7,249.7,0.08,11.45,4.94,5.51,0.07,28.51,136.0,0.32,19.21,1.11,1.04,15.23,0.65,0.19,,,562273,4,25,6,False,False
Chicken Orzo Soup with Spinach,409.78,18.72,3.34,36.86,34.6,3.78,38.77,918.43,23.21,1671.13,0.47,54.81,0.26,4.98,2.27,538.95,0.26,64.76,10.34,1.03,0.23,112.14,249.93,0.55,45.23,1.13,2.58,36.41,1.04,0.29,,,934442,18,11,8,True,False
Classic Chicken Soup (Slow Cooker & Instant Pot),273.76,16.6,4.73,9.17,6.95,4.02,81.65,516.17,21.35,8860.93,0.23,9.57,0.18,10.23,2.22,456.55,0.12,28.14,8.01,0.68,0.14,54.61,193.39,0.52,36.32,1.68,1.44,16.14,1.2,0.34,0.22,,959037,10,7,6,True,False
Chicken Detox Soup,208.39,6.65,1.1,14.6,10.15,6.25,59.16,1234.15,22.95,7423.56,0.45,87.43,0.35,49.86,4.45,782.5,0.25,66.04,10.73,1.45,0.17,69.81,269.65,0.86,52.73,1.35,1.55,29.94,1.67,0.22,,,820734,30,3,8,True,True
Zesty Spanish Rice Chicken Soup,246.51,6.36,1.14,30.77,29.44,1.9,32.0,438.18,16.72,1067.2,0.48,5.94,0.14,7.99,1.33,493.78,0.08,10.78,8.15,1.04,0.21,43.58,208.54,0.52,33.74,0.96,2.08,21.22,1.14,0.25,,,471843,11,6,12,True,False
One Pot Golden Curry Chicken Soup,374.13,18.37,11.28,35.55,30.51,6.83,39.81,1008.15,18.53,16343.25,1.29,8.42,0.29,20.54,5.04,865.35,0.24,56.82,7.68,1.49,0.42,78.57,307.88,0.8,100.86,1.66,4.0,21.15,1.8,0.15,,,1068475,21,12,8,True,False
Chicken Soup with Beans,199.95,3.25,0.5,29.77,23.9,5.77,24.19,163.18,15.52,67.93,0.5,2.78,0.12,9.6,5.88,611.8,0.2,74.61,5.42,0.63,0.22,56.89,234.87,0.48,69.21,1.06,2.0,15.7,1.2,0.08,,,416138,10,4,12,True,False
Lemon Chicken Soup with Rice,312.81,10.01,2.88,32.77,30.64,9.72,169.99,784.98,22.29,2558.49,0.28,4.48,0.59,107.88,2.12,691.18,0.3,115.81,9.23,1.72,0.29,42.62,259.49,0.65,39.02,1.77,2.78,28.51,1.32,0.41,0.75,,207121,17,8,4,True,False
Dilled Chicken Soup,265.37,13.73,3.88,16.68,13.94,3.5,71.89,307.76,18.22,6466.92,0.3,12.36,0.15,7.31,2.73,430.05,0.11,31.86,6.5,0.76,0.17,47.89,181.52,0.43,40.19,1.56,1.27,18.53,1.23,0.29,0.2,,403987,10,6,10,True,False
Black Bean & Chicken Soup,312.81,16.84,7.45,14.31,10.61,1.77,70.24,1470.71,25.48,555.65,0.36,1.08,0.29,2.83,3.71,523.62,0.12,40.74,6.95,1.01,0.3,244.06,326.32,0.51,45.92,2.57,1.73,27.28,1.17,0.56,0.24,,703655,8,9,8,False,False
Lemon Chicken Soup With Rice And Peas,255.64,4.57,1.75,31.66,29.45,3.25,56.44,942.52,20.83,318.88,0.57,8.87,0.23,19.38,2.2,450.99,0.18,28.66,9.25,0.36,0.18,34.62,234.08,0.69,41.14,1.24,1.08,29.97,1.48,0.19,,,1577759,10,5,6,False,False
Chicken Curry Soup,248.51,15.83,10.99,21.04,18.67,2.31,10.21,158.45,7.75,671.19,0.54,28.98,0.09,15.56,2.37,272.73,0.06,31.12,1.92,0.27,0.2,35.45,97.06,0.16,36.17,0.64,3.1,3.6,0.51,,,,525903,3,9,8,True,False
Slow Cooker Thai Chicken Soup,610.13,34.38,25.62,43.95,38.55,13.15,74.97,761.81,34.14,1638.86,1.67,7.88,0.26,42.39,5.39,1018.01,0.24,65.49,15.86,1.29,0.51,61.88,463.13,1.18,116.91,2.45,3.39,52.37,2.32,0.26,,,945996,24,22,6,True,True
Chicken Soup with Buttermilk Dumplings,853.3,49.24,21.84,51.61,47.23,10.93,196.54,2275.3,40.45,8185.06,0.76,127.35,0.82,118.32,4.38,889.82,0.59,145.76,15.45,2.71,0.26,139.57,402.0,0.98,77.28,3.36,4.74,41.12,2.34,0.79,1.35,6.18,378076,28,27,4,False,False
Cheesy Southwest Chicken Soup,456.96,25.58,11.02,40.44,33.69,3.97,82.08,1407.16,19.6,1329.87,0.34,25.69,0.33,34.22,6.75,630.33,0.25,53.2,7.81,2.83,0.2,89.14,283.13,0.69,72.09,1.46,2.6,23.06,1.44,0.19,0.37,,965977,12,14,6,False,True
Curried Squash & Chicken Soup,272.17,6.84,4.1,25.78,21.01,7.53,72.57,540.95,27.97,23276.17,1.07,412.6,0.3,56.63,4.77,1404.33,0.28,208.34,14.16,3.99,0.26,165.63,327.45,1.24,146.23,1.33,3.78,37.9,2.25,0.23,,,694977,53,4,2,True,True
Hearty Chicken Soup,457.01,19.12,4.41,34.95,31.24,8.92,119.89,863.3,35.36,7610.17,0.61,164.32,0.48,20.48,3.72,1083.4,0.29,92.99,15.63,1.97,0.34,78.78,405.52,1.11,82.61,2.21,2.75,55.21,2.02,0.51,0.18,,706768,37,11,6,True,False
Mexican Chicken Soup with Jalapeno Dumplings,372.97,8.63,1.96,48.1,39.04,7.37,49.19,799.08,29.72,675.56,0.52,10.0,0.43,17.68,9.07,1155.36,0.39,107.65,13.95,1.86,0.47,126.65,507.05,0.91,89.48,1.87,4.24,28.13,1.84,0.5,0.23,,367507,27,8,6,False,False
Paprika Chicken Soup,330.42,16.48,8.44,24.53,21.85,2.43,86.92,700.58,21.76,1281.72,0.34,9.94,0.28,7.25,2.68,716.19,0.19,28.67,7.24,1.04,0.22,64.6,222.84,0.72,50.96,1.66,2.7,20.01,1.14,0.26,0.34,,595688,8,10,4,False,True
Coconut-Curry Chicken Soup,326.76,11.13,5.13,32.97,29.42,8.51,48.6,1319.17,22.96,2216.76,0.59,94.21,0.24,68.1,3.55,580.63,0.17,66.8,7.45,1.15,0.28,78.86,239.99,0.61,68.72,1.73,3.28,36.38,1.35,0.6,,,33453,22,8,7,True,False
Rosemary Chicken Soup,357.6,11.09,1.76,36.12,28.97,9.53,76.86,1056.04,29.58,10431.45,0.68,29.04,0.36,21.85,7.15,961.32,0.26,62.04,14.31,1.9,0.27,81.66,358.2,1.15,73.53,1.68,1.92,47.19,2.09,0.27,,,843063,31,8,4,True,False
Louisiana-Style Chicken Soup,406.34,13.79,3.7,40.77,37.19,7.23,105.04,898.92,29.36,997.95,1.52,62.47,0.43,16.1,3.58,849.32,0.42,51.61,11.24,1.29,0.36,70.83,370.73,0.86,103.11,3.1,2.81,28.95,1.82,0.75,0.3,,707210,23,11,4,True,False
Mom's Special Chicken Soup,152.85,7.22,2.06,11.32,10.66,0.79,35.03,457.49,9.93,1073.07,0.21,42.17,0.08,5.06,0.66,170.32,0.05,13.86,3.44,0.23,0.09,26.77,91.89,0.22,19.38,0.86,0.69,9.46,0.62,0.15,,,435533,3,4,14,True,False
Lentil Kale Chicken Soup,591.95,10.12,2.17,35.54,19.28,4.61,218.11,1193.68,85.76,7256.59,0.93,80.33,0.55,27.16,16.27,1975.12,0.68,261.05,37.37,1.28,0.43,132.88,960.47,2.94,164.3,4.41,5.22,114.18,6.04,0.69,0.34,,486190,75,11,4,True,False
Chicken Soup with Cornmeal Sage Dumplings,439.77,11.56,2.78,45.04,39.49,7.06,75.87,760.41,40.67,5488.41,0.58,25.88,0.5,20.49,5.55,1302.5,0.43,85.53,21.01,1.11,0.44,157.48,605.42,1.16,76.99,2.44,4.27,46.34,2.07,0.84,0.5,,382212,41,10,4,False,False
Creamy Rosemary Chicken Soup with Rice,319.32,16.87,11.41,27.97,24.45,2.83,18.08,460.71,16.67,11890.63,1.11,159.88,0.14,14.99,3.51,621.71,0.11,85.04,4.5,1.28,0.26,98.29,176.37,0.43,74.72,1.09,3.84,12.99,0.91,,,,1099988,26,10,4,True,False
Moroccan Chicken Soup,196.46,6.27,1.26,14.63,11.61,4.11,48.43,179.06,22.73,7131.73,0.34,5.94,0.27,14.2,3.01,825.97,0.14,28.65,12.6,1.44,0.27,65.26,284.61,0.77,47.08,1.06,2.11,26.63,1.62,0.39,,,584220,24,3,6,True,False
Spiced black bean & chicken soup with kale,406.5,17.24,4.48,34.91,23.49,7.53,62.56,957.31,30.72,4856.66,0.8,184.78,0.67,59.91,11.42,1126.52,0.39,118.24,9.99,2.88,0.55,276.54,380.81,0.71,98.78,2.63,6.08,23.43,1.28,0.39,,,1092852,93,9,4,False,False
Chicken Soup with Ginger and Shiitake Mushrooms,306.54,21.43,5.76,5.31,4.93,3.13,125.95,795.27,22.39,100.24,0.11,2.7,0.21,,0.38,327.39,0.1,7.5,6.83,0.28,0.14,20.39,230.12,0.5,34.5,1.79,1.2,24.72,1.5,0.82,0.17,,245684,4,9,3,True,True
Chicken Parm Soup,712.7,25.75,10.32,65.94,59.06,13.22,109.13,1338.64,56.44,3651.86,0.96,82.43,0.54,117.93,6.88,1480.27,0.3,81.29,18.71,4.65,0.61,607.45,807.39,1.48,123.5,3.84,4.57,84.9,2.68,1.23,0.36,,775913,56,18,4,False,True
Slow Cooker Southwestern Chicken Soup,140.18,3.32,0.46,17.15,14.08,3.73,30.62,673.78,12.68,521.72,0.24,4.71,0.17,34.45,3.07,499.17,0.14,33.96,6.35,1.1,0.14,27.43,160.88,0.56,39.61,0.82,1.31,15.55,0.96,0.11,,,384866,7,2,10,True,False
Cream of Chicken Soup,277.01,6.97,3.25,38.44,37.26,8.48,37.2,1563.55,14.67,251.75,0.4,,0.54,,1.18,316.84,0.44,71.75,2.98,0.19,0.1,205.3,207.26,0.11,29.91,1.08,2.03,17.14,0.76,0.87,1.68,,916269,7,8,4,False,False
Creamy Pesto Chicken Soup,779.64,44.82,8.3,39.8,34.81,11.82,123.21,1565.58,53.13,5416.51,0.7,189.06,0.53,42.87,4.99,1097.25,0.31,104.82,17.22,2.56,0.21,342.67,523.62,1.38,102.04,2.08,3.42,66.32,2.81,0.99,1.49,,514643,45,17,3,False,True
Coconut Chicken Soup,238.74,13.28,6.63,9.54,8.68,4.44,47.92,660.39,20.41,79.22,0.28,2.14,0.36,3.4,0.87,499.1,0.13,23.8,8.65,0.43,0.29,20.45,206.82,0.4,39.28,1.45,1.71,22.39,1.03,0.2,,,971616,11,7,8,True,True
Asian Chicken Soup with Soba Noodles,542.54,14.23,2.89,68.33,65.49,10.36,54.43,1429.63,44.08,1145.21,1.16,85.15,0.51,62.79,2.84,1530.95,0.42,125.33,21.32,0.58,0.59,157.11,612.26,1.21,119.32,2.69,4.56,28.39,2.0,0.88,,0.85,482798,42,13,4,True,True
Roasted Garlic Chicken Soup – Low Carb and Gluten-Free,479.97,36.53,13.25,13.56,12.88,4.05,148.52,549.29,24.28,508.06,0.32,8.25,0.35,6.83,0.68,512.14,0.19,16.53,7.95,1.27,0.2,63.02,264.97,0.71,35.45,1.92,1.56,27.74,1.33,0.77,0.43,,925732,6,16,6,False,False
Thai-Style Chicken Soup with Basil,565.46,9.41,2.35,75.75,71.23,20.22,86.77,2008.78,43.37,711.66,0.9,22.75,0.65,37.17,4.51,1521.46,0.46,72.17,22.11,1.82,0.65,106.86,495.81,1.55,129.64,2.31,4.45,56.26,2.67,0.29,,,37133,27,17,4,True,False
Greek Lemon Chicken Soup with Orzo,518.11,24.01,6.84,31.67,27.92,7.38,211.12,1655.57,43.65,5552.81,0.82,292.23,0.45,46.11,3.75,878.11,0.22,149.16,13.27,1.82,0.36,136.55,413.94,0.95,104.5,3.42,4.56,50.39,2.24,0.72,0.67,,997979,33,13,8,True,True
Easy Chicken Soup with Greens,353.55,7.87,1.63,34.65,24.01,5.12,72.57,1253.39,41.16,16135.21,2.3,602.68,0.51,57.45,10.64,1811.1,0.26,281.79,18.17,2.89,0.59,227.38,525.09,1.78,167.22,2.62,6.25,40.47,2.3,0.58,,,1633777,82,6,4,True,False
Semi Homemade Creamy Chicken Soup,461.27,10.93,2.94,62.63,57.1,13.18,52.04,1246.8,29.95,6708.47,1.17,20.87,0.58,115.21,5.53,1316.18,0.5,111.84,12.8,1.81,0.49,114.03,389.88,1.15,108.27,2.77,4.28,38.8,1.56,0.32,0.34,,709429,61,11,4,False,False
Tomatillo Chicken Soup,183.94,4.13,0.81,11.15,7.33,5.03,72.72,869.1,25.8,722.97,0.34,14.23,0.18,42.36,3.81,744.83,0.14,20.58,13.28,1.26,0.14,45.89,288.61,1.05,55.45,1.02,2.23,37.32,1.82,0.23,,,483432,17,2,4,True,True
Chicken Soup with Delicata Squash and Kale,276.67,10.5,2.76,30.53,21.94,9.77,36.15,630.57,19.56,17525.52,1.04,406.89,0.59,117.54,8.59,1240.05,0.23,110.81,8.68,1.18,0.33,363.61,254.17,0.65,72.87,1.71,4.1,8.83,0.92,0.39,,,482809,48,4,4,True,False
Curry Chicken Soup for Two,165.96,4.36,0.6,17.46,14.02,8.64,40.26,1100.73,15.4,3296.5,0.49,45.29,0.26,26.68,3.44,636.33,0.16,31.18,7.53,1.78,0.17,45.91,173.73,0.6,38.47,0.82,1.77,21.73,1.02,0.15,,,377337,15,3,2,True,False
Chicken Soup with Miniature Leek-Chive Matzo Balls,135.13,7.71,1.69,11.81,11.35,1.48,59.26,1250.34,4.68,439.88,0.23,4.02,0.24,1.04,0.46,89.37,0.1,12.38,1.01,0.51,0.06,24.82,52.45,0.05,8.89,0.45,0.9,9.82,0.31,0.18,0.29,,116840,1,4,12,True,False
Jalapeno Popper Chicken Soup,641.26,37.2,15.78,40.13,33.22,6.97,123.9,1613.18,38.17,1454.05,0.71,9.73,0.39,21.22,6.92,910.54,0.28,98.99,7.43,2.55,0.35,326.33,466.1,0.62,96.98,4.02,4.49,34.26,1.67,0.67,0.26,,249107,14,20,4,False,True
Chicken Soup II,283.24,13.47,3.54,19.07,15.58,3.85,99.26,368.82,21.65,11966.05,0.52,144.51,0.26,13.17,3.49,637.24,0.18,77.18,7.28,1.66,0.22,93.18,250.92,0.67,68.01,1.73,1.77,35.94,1.48,0.55,,,419811,25,6,8,True,False
Chinese Chicken Soup,140.56,4.07,0.97,11.16,8.13,0.88,38.97,862.67,15.57,3862.01,0.29,,0.25,7.88,3.04,306.36,0.16,24.47,5.1,,0.13,32.69,143.55,0.27,30.47,1.19,1.45,12.59,0.6,0.18,,,382199,21,1,6,True,False
Simple Chicken Soup,221.28,7.79,2.17,18.22,15.12,1.39,49.87,1224.44,20.16,4023.49,0.33,4.05,0.24,8.58,3.1,363.37,0.17,27.06,8.01,0.69,0.24,46.56,188.11,0.37,37.55,1.19,2.31,15.55,0.78,0.19,,,374472,20,4,6,True,False
AIP Thai Chicken Soup – Cook Now Or Freeze For Later,535.04,37.91,10.23,9.3,9.11,4.91,223.44,832.01,37.85,183.09,0.49,4.88,0.35,3.65,,549.61,0.19,12.98,10.9,0.52,0.16,34.03,373.17,0.86,56.59,3.05,2.1,43.95,2.36,1.48,0.23,,1073518,10,15,4,True,False
Spicy Chicken Soup,239.67,4.75,0.83,31.31,21.74,12.83,48.0,1228.22,21.38,550.15,0.46,34.92,0.27,45.11,9.56,866.85,0.21,59.15,11.3,1.87,0.32,73.43,269.16,0.91,61.24,1.17,4.02,30.24,1.95,0.56,,,197281,21,3,4,True,False
Chicken Tamale Soup,609.53,34.42,9.97,41.31,28.33,5.03,96.05,1353.87,37.9,1759.33,0.59,28.88,0.61,50.48,12.98,1295.64,0.3,154.05,10.72,4.6,0.52,294.69,484.44,0.87,105.46,3.97,5.04,33.88,2.75,0.59,0.18,,556559,48,17,8,False,True
Healthy Vegetable Chicken Soup,225.17,6.13,1.64,22.84,19.32,8.33,46.32,983.08,19.84,7060.51,0.51,150.25,0.36,56.12,3.52,783.75,0.2,103.64,7.84,1.27,0.25,76.89,212.74,0.61,59.28,1.53,2.28,21.71,0.81,0.15,,,992757,34,7,6,True,False
(Slow Cooker) King Ranch Chicken Soup,523.44,33.67,18.11,17.77,15.93,1.79,150.95,986.19,38.47,1512.86,0.22,7.32,0.44,8.93,1.84,762.05,0.21,37.77,15.29,2.24,0.21,321.76,506.37,1.02,60.13,2.56,2.84,51.53,1.98,0.82,0.34,,1533431,15,17,6,False,False
Chicken Creole Soup,324.43,7.15,2.71,29.5,27.16,4.45,100.51,1061.08,34.23,380.45,0.52,8.82,0.32,28.35,2.33,868.34,0.23,33.28,16.53,1.23,0.22,66.69,367.21,1.3,62.18,1.42,2.13,51.03,2.49,0.31,,,175400,20,6,8,False,False
Perfect Chicken Soup,429.65,23.49,6.71,22.52,19.42,3.51,115.67,341.59,31.46,2861.81,0.29,18.69,0.24,19.33,3.1,914.64,0.21,41.31,11.96,0.62,0.25,49.03,312.11,0.82,61.44,2.51,2.46,23.29,1.83,0.48,0.31,,655726,21,12,8,True,False
Chicken Potpie Soup,678.61,28.52,12.45,69.19,60.35,8.31,108.8,673.81,39.16,9579.92,0.76,16.67,0.58,132.98,8.84,1626.57,0.56,143.22,19.1,1.98,0.4,142.51,536.77,1.63,101.51,2.32,4.48,44.89,2.84,0.53,0.22,,306259,49,18,4,False,False
Paleo Chicken Soup: Sizzling with Spice,502.99,14.54,5.6,42.01,35.5,15.37,122.68,1128.26,52.07,8407.86,0.46,39.16,0.7,133.99,6.51,1791.07,0.44,103.52,26.79,1.61,0.48,102.15,588.39,2.1,104.18,2.36,3.19,66.82,3.29,0.34,0.17,,579923,53,11,4,True,False
Cheesy Buffalo Chicken Soup #SundaySupper #FamilyDinnerTable,528.9,40.06,16.1,17.57,16.52,5.66,129.79,718.18,24.49,3339.75,0.15,9.93,0.45,8.05,1.05,479.84,0.22,37.49,6.45,1.8,0.16,264.4,340.21,0.46,37.56,2.44,1.39,28.47,1.09,0.94,0.58,,554070,8,18,4,False,True
Easy Roasted Poblano & Chicken Soup,458.24,22.34,6.29,41.69,33.25,9.93,78.22,1504.2,26.63,4248.8,0.48,27.71,0.58,68.16,8.44,1006.97,0.31,74.18,10.91,3.34,0.35,251.95,408.78,1.2,91.67,2.46,3.01,31.74,2.59,0.69,0.2,,946636,31,12,6,False,False
Easy Low Carb Chicken Soup – Whole 30,252.7,8.34,2.25,17.22,14.79,6.1,61.5,689.02,25.74,3050.6,0.11,35.82,0.38,15.57,2.43,664.16,0.19,37.12,10.71,0.68,0.25,42.94,235.07,0.54,42.27,1.62,2.04,24.28,0.87,0.2,,,960354,33,5,8,True,False
Leeky Chicken Soup,641.66,20.59,7.05,68.89,64.54,11.51,73.02,1131.36,34.12,2313.79,1.1,110.96,0.65,24.43,4.35,846.74,0.61,156.76,13.62,2.35,0.64,208.84,417.34,1.03,95.76,2.12,6.82,51.39,1.62,0.23,0.23,6.18,327912,34,17,4,False,False
Vegetable Chicken Soup,120.42,2.02,0.5,15.36,13.29,2.38,31.6,382.72,10.45,2211.26,0.25,22.97,0.09,24.39,2.07,275.75,0.07,32.01,3.8,0.44,0.12,43.13,116.02,0.27,29.14,0.71,0.85,17.06,0.62,0.12,,,381999,6,2,12,True,False
Lemon Grass Chicken Soup,147.95,1.0,0.13,31.26,27.69,5.37,0.0,1200.74,5.83,1987.1,0.7,51.04,0.2,39.69,3.57,486.0,0.13,45.12,3.17,0.73,0.27,65.76,114.31,0.3,35.24,0.81,1.82,12.63,1.15,0.48,,,197255,25,3,12,True,False
Hearty Chicken Soup with Rice and Kale,197.09,5.89,0.9,25.93,22.83,4.06,22.81,1228.67,10.95,4753.23,1.32,75.39,0.3,27.34,3.1,499.61,0.23,36.34,5.15,1.05,0.17,93.64,175.36,0.51,65.06,1.16,1.67,10.64,0.98,0.1,,,605010,37,4,8,True,False
Cream Cheese Chicken Soup,262.27,14.81,7.87,18.73,16.63,4.8,64.07,678.81,13.89,4396.97,0.21,21.29,0.26,13.82,2.1,499.52,0.16,27.55,4.05,0.5,0.12,91.2,177.98,0.38,31.71,1.12,1.26,13.55,0.88,0.35,0.34,,413070,8,8,8,False,False
Chicken Barley Soup & A New Crockpot,371.76,11.74,3.21,27.26,21.43,1.95,105.31,185.47,38.15,1642.18,0.63,21.03,0.32,5.63,5.83,777.25,0.29,42.48,12.61,0.42,0.32,70.72,363.14,0.84,80.87,3.0,2.98,41.71,1.72,0.41,,,570283,23,8,8,True,False
Harvest Chicken Soup,121.84,4.25,0.71,12.41,8.1,5.56,21.8,546.62,9.93,3371.26,0.27,16.6,0.14,17.88,4.32,546.17,0.14,49.38,5.0,1.17,0.19,46.13,134.71,0.48,37.75,0.78,1.17,11.91,1.04,0.07,,,408057,16,2,10,True,False
Chicken Cheese Soup,387.91,21.94,11.56,24.01,20.94,11.22,95.83,1185.21,25.45,717.62,0.29,5.1,0.46,13.09,3.07,654.32,0.19,37.67,5.44,1.32,0.22,583.83,506.16,0.42,59.34,2.58,2.29,22.46,1.28,0.81,0.28,,428453,9,13,6,False,False
Paleo Chicken Soup Slow Cooker,543.43,35.09,10.03,10.5,7.67,4.53,173.5,259.03,44.57,6350.86,0.31,55.7,0.35,15.15,2.83,777.32,0.2,60.34,16.31,1.17,0.29,99.78,383.83,0.98,75.13,3.4,2.77,34.02,2.37,0.72,0.46,,482330,24,13,4,True,True
Condensed Cream of Chicken Soup,267.96,15.93,8.43,14.79,13.41,3.94,66.51,607.76,15.48,3155.99,0.15,15.46,0.24,4.5,1.38,364.76,0.16,36.37,6.06,0.52,0.13,32.07,145.9,0.32,23.14,1.02,1.37,16.65,0.59,0.15,,0.36,711235,5,9,8,False,False
Chicken Soup Noodles,477.76,14.33,5.23,60.94,56.82,5.12,117.57,1031.1,25.94,6300.61,0.88,25.75,0.33,4.84,4.13,504.79,0.25,40.49,6.21,1.13,0.32,114.45,335.27,0.44,66.11,2.6,2.86,72.83,1.32,0.46,0.25,,591229,20,13,6,False,False
Portuguese Chicken Soup II,219.94,5.99,1.53,18.13,17.25,6.93,49.62,777.33,21.97,231.45,0.11,17.36,0.38,5.99,0.88,656.65,0.18,31.1,11.74,0.24,0.24,29.91,234.29,0.69,36.53,0.98,1.31,28.64,0.88,0.12,,,448063,9,5,4,True,False
Chicken Soup for Knaidelach,40.81,1.57,0.44,4.72,3.4,2.01,7.23,224.11,2.33,5161.95,0.17,13.0,0.04,3.54,1.33,153.08,0.03,10.34,0.99,0.25,0.04,19.41,30.55,0.1,8.74,0.24,0.33,1.53,0.2,,,,195507,3,0,12,True,False
Thai Chicken Soup with Coconut Milk {& Flu Fighter Stock},277.2,13.27,8.78,17.26,15.96,6.39,41.6,1005.12,19.91,3481.36,0.05,10.97,0.33,43.01,1.31,574.65,0.15,24.85,10.47,0.34,0.21,106.64,197.57,0.61,37.03,0.8,1.74,23.55,0.76,0.12,,,589106,12,9,6,True,True
Tex-Mex Chicken Soup,379.04,20.44,7.41,30.19,26.85,4.72,57.82,1050.24,20.5,626.82,0.29,13.02,0.34,14.46,3.33,527.78,0.15,38.67,4.35,2.35,0.2,281.94,323.84,0.4,64.96,2.49,2.14,19.28,1.09,0.44,0.18,,430225,9,11,12,False,False
Thai Chicken Soup,156.34,7.61,4.84,6.68,5.76,1.77,36.29,844.05,14.41,474.7,0.07,29.05,0.26,10.6,0.92,443.96,0.09,20.98,8.24,0.27,0.2,28.3,176.66,0.5,25.55,0.64,0.89,25.1,1.6,0.43,,,92029,7,4,6,True,False
Healthy Harvest Chicken Soup,733.97,35.11,11.96,36.59,29.21,8.57,177.8,1493.58,71.7,25386.63,1.11,297.1,0.73,88.65,7.38,2215.55,0.47,108.76,32.53,4.58,0.75,372.92,866.29,2.22,170.31,3.24,6.29,75.58,4.05,0.98,0.46,,525083,69,16,4,False,True
Easy Green Chile Chicken Soup,564.49,31.7,7.97,37.99,31.22,8.86,118.63,1265.15,32.65,1538.23,0.78,18.55,0.33,49.33,6.78,1237.55,0.24,86.31,8.46,2.99,0.47,183.68,396.33,0.75,95.86,3.31,5.83,26.0,1.52,0.98,0.16,,1581099,20,16,4,False,False
Homemade Condensed Cream of Chicken Soup {And How to Sub in s},55.61,1.34,0.67,8.28,7.95,1.58,3.66,171.68,2.8,68.35,0.09,4.08,0.1,,0.33,102.58,0.08,14.97,1.13,,0.04,44.74,54.62,0.03,7.27,0.25,0.55,3.31,0.15,0.21,0.34,,612464,3,1,4,False,True
Tuscan Chicken Soup,336.85,9.14,1.92,35.05,27.78,2.86,56.47,1251.31,28.59,2934.58,0.96,93.75,0.31,4.47,7.26,886.06,0.24,133.37,6.54,1.69,0.41,126.33,278.13,0.43,85.89,2.9,4.72,26.22,1.33,0.24,,,391491,54,7,4,True,False
Mango & Coconut Chicken Soup,477.3,28.27,9.71,30.33,24.75,11.4,81.65,168.97,27.81,6829.85,0.79,198.85,0.35,45.43,5.58,761.73,0.25,201.2,9.55,3.42,0.31,101.13,293.67,0.68,99.82,2.58,2.97,18.99,1.84,0.34,0.22,,376100,32,13,6,True,False
Pineapple Chicken Soup with Lemon Verbena,108.6,0.79,0.09,27.36,22.6,16.23,2.06,741.22,3.62,385.01,1.3,9.61,0.23,107.34,4.76,453.35,0.19,44.51,2.14,0.38,0.29,50.76,58.81,0.29,38.11,0.49,1.23,3.65,0.83,,,,197465,25,0,4,True,False
Chicken Soup with Spaetzle,225.08,10.7,2.42,19.34,17.0,2.84,53.52,785.23,12.95,2287.23,0.34,8.51,0.36,3.18,2.34,316.64,0.21,40.89,5.3,0.87,0.18,41.92,145.63,0.25,25.81,1.19,1.61,17.19,0.94,0.25,0.28,,417879,7,6,10,False,False
Salsa Chicken Soup,91.25,1.77,0.46,9.85,8.18,1.96,26.4,588.34,10.26,328.29,0.13,2.27,0.12,3.26,1.67,351.72,0.08,14.52,5.07,0.76,0.07,27.51,125.26,0.42,26.95,0.59,0.62,13.18,0.72,0.1,,,367290,5,2,6,False,False
Whole30 Instant Pot Turmeric Tahini Chicken Soup,235.72,10.52,3.31,15.84,13.48,5.49,41.69,670.83,19.3,6155.74,0.3,76.89,0.28,9.66,2.36,677.47,0.29,60.66,9.75,0.68,0.31,56.73,269.97,0.66,51.09,1.25,1.84,25.74,0.93,0.11,,,1567719,25,6,4,True,False
In-a-Hurry Easy Mexican Chicken Soup,877.27,27.32,6.76,106.99,85.2,10.22,100.34,2810.44,54.94,762.47,1.52,19.45,0.72,18.23,21.8,1986.82,0.85,381.78,17.48,4.57,0.88,218.46,772.06,1.29,254.33,4.79,8.16,44.32,3.0,0.42,,,514160,58,22,2,False,False
a vintage : cream of chicken soup,473.92,40.39,20.35,8.41,6.8,4.47,281.9,337.75,19.83,6124.47,0.16,21.77,0.32,6.96,1.62,420.9,0.12,52.01,6.01,1.58,0.1,96.19,231.94,0.45,32.15,1.67,1.57,21.45,1.47,0.62,1.84,,12509,7,17,8,False,False
Lemon-Parmesan Orzo Chicken Soup,646.31,22.34,7.75,62.78,59.4,10.07,85.8,1334.12,46.05,5785.73,0.64,31.11,0.56,8.47,3.38,1036.54,0.28,52.21,16.02,1.69,0.42,410.59,615.87,1.06,88.5,2.78,2.36,78.11,1.76,0.53,0.24,,596637,32,17,4,False,False
"Kosher Revolution's Be-All, End-All Chicken Soup",350.53,21.47,5.99,13.46,10.35,3.75,114.54,116.15,25.14,538.15,0.43,25.09,0.21,13.46,3.11,519.03,0.16,58.02,8.46,1.34,0.16,48.17,254.32,0.57,49.07,2.25,1.89,23.29,1.66,0.59,0.21,,203163,11,8,12,True,False
Curried Coconut Chicken Soup,472.52,14.42,6.89,47.91,46.09,11.97,115.56,2060.23,35.3,3683.6,0.33,19.99,0.09,5.98,1.82,163.7,0.06,15.08,0.72,0.22,0.08,37.06,76.71,0.09,23.0,0.47,0.67,6.95,0.14,,,,617179,5,11,6,True,False
Jalapeno Lime Chicken Soup,186.78,5.27,0.76,12.32,11.71,8.47,57.58,1349.39,19.43,836.78,0.12,3.53,0.17,13.23,0.62,618.14,0.1,8.31,9.25,0.54,0.06,22.27,200.63,0.7,29.87,0.68,0.55,28.19,1.31,0.2,,,1100112,6,4,8,False,False
Chicken Noodle Soup with Homemade Noodles,347.89,12.07,5.25,34.26,31.61,8.45,88.22,836.53,24.39,7523.98,0.29,17.12,0.52,6.28,2.65,837.79,0.36,84.42,12.88,0.83,0.27,54.49,276.53,0.75,45.18,1.22,2.31,34.86,1.25,0.19,0.2,,1511497,17,9,6,False,False
Chicken Lemon Soup with Orzo Pasta,235.79,9.74,5.43,15.27,13.62,2.54,41.14,586.74,22.32,3625.45,0.27,27.17,0.21,8.0,1.65,433.63,0.07,26.28,5.76,0.39,0.16,391.57,353.73,0.37,39.76,1.43,1.2,24.11,0.75,0.56,0.18,,511369,18,6,7,False,True
Tortilla-Vegetable Chicken Soup,341.43,9.73,2.11,40.49,31.4,5.07,46.22,1498.49,25.89,2886.17,0.62,17.02,0.42,12.85,9.09,869.08,0.37,101.46,10.37,1.67,0.35,116.69,320.32,0.58,81.85,1.78,4.24,19.98,1.06,0.26,,,390874,32,7,6,False,False
Chicken Noodle Soup – Crockpot,184.21,2.11,0.39,25.85,23.53,3.7,32.79,786.51,14.97,4439.73,0.47,16.2,0.21,4.97,2.32,428.3,0.12,22.73,5.95,0.42,0.15,39.19,173.37,0.45,36.19,0.91,0.93,32.53,0.93,0.13,,,511105,17,4,10,True,True
Chicken Taco Soup with Cheese Quesadilla Croutons,637.15,26.75,9.58,63.7,48.62,16.94,93.22,1617.28,42.54,1477.02,0.97,24.54,0.56,40.11,15.08,1695.69,0.4,127.48,14.02,5.02,0.79,335.89,588.26,1.04,132.16,4.04,7.28,31.99,2.29,0.63,0.18,,1100903,34,17,4,False,False
Slow Cooker Greek Lemon Chicken Soup,150.62,3.35,0.91,12.99,12.42,1.09,77.21,1193.29,16.88,113.78,0.19,2.77,0.16,5.01,0.57,391.86,0.06,15.41,7.78,0.27,0.13,27.44,196.83,0.51,23.77,0.77,0.82,23.44,1.14,0.33,0.28,,945709,4,3,8,True,True
Quick Asian Chili-Lime Chicken Soup,715.31,9.97,2.49,100.1,95.49,10.19,108.86,1287.99,59.45,974.13,1.52,22.5,0.96,111.51,4.61,2094.78,0.32,74.43,33.06,0.94,1.0,96.04,862.03,1.94,119.73,3.57,5.47,79.41,4.43,1.14,0.4,,149380,60,16,2,True,False
Thai-Style Chicken Soup with Lemongrass and Coconut Milk [Tom Kha Gai],637.35,41.56,19.43,10.3,8.95,3.41,240.22,983.19,55.53,335.41,0.94,13.34,0.62,5.99,1.35,697.42,0.23,167.81,9.19,0.68,0.46,176.49,460.22,0.73,95.35,3.75,5.29,34.51,2.08,1.51,0.47,,765470,10,11,6,True,True
Sausage Chicken Soup,290.36,12.01,3.75,24.5,20.17,5.61,64.83,773.49,21.57,1119.03,0.36,9.91,0.24,106.23,4.34,911.66,0.32,42.72,9.77,1.22,0.22,41.73,254.77,1.07,55.07,1.68,1.94,20.37,1.53,0.45,0.55,,432395,20,6,6,True,False
Chicken Soup with Farro and Vegetables,545.08,18.5,4.09,49.85,39.66,4.48,105.0,433.53,45.75,8175.97,0.83,81.75,0.39,11.06,10.19,950.65,0.23,49.08,17.2,1.43,0.46,81.05,483.76,0.85,85.21,3.67,4.02,53.6,1.75,0.64,,,626632,87,12,4,True,False
Curry Chicken Soup,176.44,5.37,0.67,17.85,14.33,8.82,40.26,1103.82,15.46,3302.28,0.5,46.06,0.26,27.01,3.51,645.0,0.17,31.86,7.55,1.97,0.17,46.81,175.0,0.6,38.96,0.83,1.79,21.77,1.03,0.15,,,377331,15,3,4,True,False
Chicken Chili Soup,377.39,13.57,6.43,31.24,23.61,5.33,88.06,1601.2,34.74,676.46,0.52,10.74,0.36,10.26,7.63,979.31,0.26,69.85,12.07,1.97,0.33,290.81,500.05,1.01,93.74,2.7,3.09,43.46,1.97,0.68,0.27,,506212,18,9,10,False,False
Southwest Black Bean Chicken Soup,370.85,13.23,4.21,40.73,27.75,3.33,52.99,1254.53,23.68,661.79,0.61,5.59,0.42,20.69,12.99,912.47,0.34,129.83,6.28,1.4,0.45,120.22,324.21,0.44,91.65,2.12,5.15,11.81,1.01,0.23,,,686868,15,9,8,False,True
Jasmine Chicken Soup with Green Tea Soba,392.22,15.16,2.83,43.29,39.94,5.09,38.57,865.17,25.82,5410.77,0.75,75.21,0.24,13.05,3.34,871.88,0.27,53.26,12.21,1.86,0.36,82.29,344.16,0.56,75.86,1.75,2.95,10.78,1.09,0.52,0.24,,119009,23,9,6,True,False
Chicken Soup with Rice,312.58,11.2,3.03,16.12,15.01,1.93,108.86,506.3,38.36,2691.12,0.19,18.77,0.12,3.79,1.11,381.22,0.03,13.11,4.46,0.16,0.2,31.41,115.65,0.1,11.49,0.51,0.91,1.89,0.22,0.3,,,95240,16,6,8,True,False
Fiesta Chicken Soup,37.99,1.76,0.68,2.14,1.64,0.76,10.08,123.82,3.59,794.48,0.04,1.72,0.04,2.0,0.5,95.16,0.03,5.67,1.48,0.22,0.03,27.48,46.95,0.12,7.5,0.25,0.28,4.93,0.23,0.08,,,265111,1,0,30,False,False
Chicken Corn Soup with Rivels,191.25,4.17,0.87,21.98,19.9,4.75,59.65,566.65,17.07,3206.86,0.29,5.5,0.25,5.28,2.08,357.15,0.24,55.2,7.49,0.6,0.1,30.02,172.19,0.35,36.53,0.93,1.57,18.34,0.93,0.21,0.17,,415988,9,4,7,True,False
Chicken & Rice Soup,199.88,5.3,1.09,22.67,19.93,3.59,24.19,150.73,16.48,3834.46,0.32,53.34,0.18,16.21,2.74,564.85,0.25,70.2,9.5,0.62,0.24,39.65,220.74,0.43,29.05,1.12,2.27,18.01,0.73,0.35,,,695834,32,4,6,True,False
Spicy Buffalo Chicken Soup,314.71,18.68,7.93,14.14,10.98,4.22,80.04,241.16,24.67,577.74,0.14,24.56,0.29,8.87,3.16,783.31,0.11,54.28,11.72,1.17,0.25,119.07,320.48,0.78,43.46,1.4,1.26,28.08,1.73,0.51,0.45,,479579,12,9,6,False,True
Cold Remedy Chicken Soup,235.92,13.95,7.63,17.59,15.24,4.76,35.35,949.27,11.35,9459.0,0.44,20.43,0.24,7.46,2.34,371.06,0.14,29.29,4.11,0.81,0.14,53.67,118.19,0.31,29.81,1.03,1.49,13.36,0.63,0.17,,,556986,7,7,4,True,True
Chicken Soup with Cabbage and Apple,331.33,11.78,2.44,31.91,25.62,12.48,62.54,1065.94,26.8,2945.35,0.41,50.75,0.18,40.4,6.29,1327.53,0.17,55.53,5.58,0.88,0.18,77.38,198.57,0.63,48.19,1.4,2.18,15.09,1.03,0.16,,,11549,32,6,4,True,False
BBQ Chicken Soup,207.44,8.62,1.16,32.11,29.81,15.82,1.95,1133.13,3.74,355.33,0.27,8.51,0.12,5.4,2.29,284.38,0.1,19.36,1.76,1.43,0.09,22.88,74.92,0.16,26.84,0.64,0.75,1.33,0.71,,,,185019,3,8,4,True,True
Slow Cooker Cheesy Buffalo Chicken Soup,482.68,31.36,18.4,12.8,11.12,4.51,160.19,2237.89,37.13,4878.49,0.27,13.59,0.48,6.23,1.67,722.95,0.16,30.9,12.65,1.13,0.12,350.9,484.72,1.01,54.08,2.33,1.22,45.02,2.05,0.7,1.0,,1164658,14,16,6,False,False
Spring Chicken Soup with Matzoh Balls,376.63,19.49,5.62,28.07,24.72,5.19,143.22,904.71,22.1,9400.33,0.62,99.37,0.31,19.56,3.35,556.15,0.2,80.28,7.37,1.57,0.26,107.52,230.84,0.63,57.55,1.84,3.57,25.09,1.45,0.45,0.76,,154814,20,9,10,True,False
Chicken Soup with Coconut Milk and Lemongrass,499.4,31.37,21.02,29.51,23.31,11.41,61.63,471.41,29.74,208.13,1.45,26.19,0.57,13.56,6.2,1330.3,0.21,63.49,18.02,1.35,0.63,54.32,488.05,1.23,104.0,2.88,3.69,45.24,3.17,0.17,0.54,,598507,25,19,4,True,True
Nourishing Paleo Chicken Soup,249.06,15.6,4.18,10.27,7.48,3.99,90.78,984.08,17.21,6611.73,0.29,26.4,0.25,32.14,2.8,579.95,0.15,52.56,5.21,0.6,0.14,55.73,196.82,0.52,38.25,1.54,1.24,18.17,1.49,0.6,,,1440467,12,6,10,True,False
Chicken Fajitas Soup,671.75,23.34,8.93,86.71,72.88,7.73,65.39,1026.97,31.52,3036.9,2.41,26.81,0.53,145.89,13.83,977.57,0.56,197.0,7.85,4.79,0.47,326.97,603.86,1.0,186.15,4.37,4.13,32.99,2.38,0.47,0.2,,144402,46,19,8,False,False
Best Homemade Chicken Soup with Bowtie Pasta,591.33,26.88,6.19,56.09,50.81,5.24,85.11,1172.91,30.89,4578.87,1.18,93.0,0.39,28.62,5.29,779.43,0.23,56.25,9.63,2.07,0.35,118.45,329.2,0.68,80.33,2.69,2.97,52.9,1.56,0.37,0.22,,798919,32,16,8,True,False
Chicken Noodle Soup (Dak Kalguksu),1016.13,42.28,11.68,92.05,83.18,9.63,190.44,1824.86,64.04,2311.01,1.45,22.97,0.48,165.25,8.87,1244.48,0.4,63.04,20.84,3.2,0.75,122.19,648.07,1.66,154.62,5.51,5.69,102.36,3.05,0.8,0.51,0.81,567326,39,27,3,True,False
Chicken Leek Soup,268.27,13.07,3.71,19.41,15.71,7.17,57.83,175.86,19.68,15068.4,0.41,36.43,0.22,13.67,3.69,692.93,0.14,55.01,8.73,1.21,0.23,79.94,220.41,0.55,43.45,1.5,2.45,11.8,1.03,0.42,0.15,,519743,17,5,4,True,False
Instant Pot Chicken Soup,324.5,6.41,1.39,14.38,11.19,3.91,149.26,1877.0,49.95,5478.81,0.36,51.0,0.29,15.02,3.2,1155.56,0.21,49.56,24.34,1.13,0.2,65.21,531.76,1.83,83.23,1.78,1.51,76.87,3.61,0.47,0.24,,1017669,35,4,6,True,False
Gingered Chicken Soup with Soba and Vegetables,454.04,12.03,1.62,71.25,63.15,8.68,9.4,3275.03,21.77,822.23,1.92,92.19,0.58,28.34,8.1,1014.46,0.62,284.4,5.21,2.11,0.61,121.52,356.76,0.44,138.27,2.86,4.61,2.68,1.84,0.09,,0.77,742236,38,12,4,True,False
Skinny Slow Cooker Southwest Chicken Soup,136.15,2.95,0.63,17.44,14.9,6.61,21.06,571.6,11.3,528.01,0.28,6.67,0.19,11.65,2.54,591.07,0.15,31.61,6.15,1.73,0.28,52.06,142.7,0.47,39.8,0.77,2.23,12.28,0.71,,,,514331,11,2,8,True,True
Slow-Cooker Southwest Chicken Soup with Baked Tortilla Strips,299.37,4.77,1.04,46.24,38.83,8.46,73.19,577.79,20.59,10932.42,0.57,11.04,0.36,28.54,7.41,922.9,0.28,42.2,6.86,1.51,0.35,118.14,349.94,0.84,91.19,2.34,3.39,20.44,1.85,0.5,,,171408,24,7,6,True,False
Cari-Coco Instant Chicken Soup,684.65,40.77,24.21,21.97,16.72,8.48,134.7,596.68,58.47,252.62,1.54,29.22,0.48,13.95,5.25,1280.63,0.44,41.14,25.48,1.56,0.8,107.08,618.29,1.19,184.34,3.33,5.55,67.31,1.76,0.51,,,550891,50,22,1,True,False
Chicken soup,412.52,20.65,5.89,27.69,23.85,6.82,122.91,629.48,28.1,7040.06,0.35,9.71,0.3,23.41,3.84,677.44,0.25,43.41,10.24,0.95,0.13,75.02,278.92,0.64,53.47,2.19,2.33,27.93,1.62,0.46,0.4,,1094650,16,10,6,False,False
Spicy Thai Coconut Chicken Soup,215.2,10.15,5.38,11.05,9.95,4.95,42.52,900.86,18.98,756.23,0.33,29.24,0.22,30.19,1.1,715.08,0.08,30.6,5.81,0.75,0.15,29.88,149.64,0.39,33.84,1.23,1.5,17.31,1.02,0.2,,,54315,7,6,4,True,False
Make Your Own Condensed Cream of Chicken Soup,433.93,22.63,8.12,28.49,28.13,9.61,106.85,1092.51,27.52,490.57,0.18,6.63,0.49,1.87,0.36,525.41,0.21,7.6,7.98,0.51,0.1,251.7,357.57,0.51,48.07,2.35,1.43,20.54,1.69,1.36,2.23,,585899,8,13,2,False,True
Cleansing Ginger-Chicken Soup,205.29,12.53,3.59,6.68,5.82,1.09,61.24,256.13,15.92,119.82,0.13,1.82,0.11,4.01,0.86,299.35,0.06,11.03,5.79,0.33,0.11,19.11,135.23,0.36,30.41,1.2,0.96,12.14,0.83,0.25,0.16,,189914,3,5,8,True,False
Southwestern Chicken Soup Revamped,192.54,2.6,0.56,25.55,18.56,6.54,36.29,487.35,19.45,776.21,0.45,8.39,0.23,46.16,6.99,869.15,0.23,65.44,8.92,1.64,0.37,68.38,258.47,0.77,67.51,1.19,3.26,19.86,1.32,0.17,,,511173,23,3,8,True,False
Thai Hot and Sour Chicken Soup,773.97,44.37,17.75,30.03,25.39,9.52,263.57,2907.01,66.18,4460.3,0.57,69.83,0.92,54.19,4.64,1257.37,0.42,90.45,17.74,1.03,0.49,122.36,577.45,1.49,134.74,13.45,7.07,73.79,1.58,4.18,0.78,,1092455,34,21,4,True,False
Thai Chicken Soup with Zucchini Noodles,423.07,21.77,5.74,13.5,10.17,5.76,209.7,285.91,42.58,5720.33,0.73,30.04,0.53,32.2,3.33,1058.45,0.28,55.53,12.09,1.15,0.28,78.79,453.85,1.09,80.61,5.01,2.54,45.25,2.8,1.25,0.23,,718248,30,11,4,True,False
Chicken Wing Soup,443.02,35.4,20.65,4.97,4.63,2.3,142.18,1364.6,26.18,1126.69,0.14,8.47,0.42,,0.34,358.86,0.11,22.52,6.41,0.82,0.1,198.52,279.19,0.36,28.19,2.09,1.18,23.44,1.33,0.67,0.62,,512821,5,16,4,False,True
Chicken noodle soup n veg,91.9,1.3,0.4,13.53,10.49,2.03,17.25,245.64,7.59,5035.1,0.25,3.16,0.09,6.42,3.04,393.45,0.07,25.81,2.89,0.42,0.15,36.89,115.8,0.27,28.89,0.89,1.12,9.4,0.58,,,,1088633,15,1,10,True,False
Crock Pot Thai Chicken Soup,386.89,27.32,21.73,27.54,24.01,8.38,19.11,614.12,12.08,788.1,1.9,5.44,0.28,6.27,3.53,625.17,0.17,40.92,6.36,0.7,0.51,54.04,261.66,0.44,91.98,1.71,2.66,23.62,1.35,0.12,,,542602,13,17,8,True,False
Chicken Club Soup,340.4,15.48,2.89,22.14,16.29,5.31,63.46,515.9,29.94,879.75,0.39,37.06,0.27,25.09,5.84,1052.09,0.29,92.07,12.34,2.28,0.26,58.93,256.67,0.72,59.68,1.61,2.39,26.99,1.62,0.28,,,335909,22,8,4,True,False
Lemon Chicken Soup with Spaghetti,475.38,20.28,8.4,23.15,21.54,3.17,143.06,1117.39,52.18,5557.97,0.22,66.18,0.25,14.67,1.61,509.68,0.06,20.91,5.55,0.35,0.26,361.65,379.93,0.14,32.24,1.52,1.56,16.04,0.33,0.7,,,290062,21,9,4,False,False
My Chicken Soup Is Better Than My Grandma's,987.71,64.76,17.45,23.49,20.33,3.62,285.66,1120.74,74.08,9353.4,0.51,439.1,0.56,50.63,3.15,1115.69,0.31,53.49,27.06,3.64,0.39,103.15,630.96,1.55,134.6,5.58,4.99,58.45,3.77,1.18,0.76,,575025,38,26,6,True,False
The Best Chicken Soup You’ll Ever Eat,311.43,6.4,1.32,37.81,32.51,6.37,48.38,378.47,26.77,6510.95,0.59,13.04,0.28,107.37,5.3,882.11,0.21,62.86,13.54,1.88,0.29,51.43,337.29,0.98,57.75,1.48,2.37,25.17,1.8,0.39,,,981275,37,6,6,True,False
Chicken Soup with Charred Cabbage,668.79,50.32,11.19,16.41,10.5,8.15,142.83,744.36,39.17,2710.75,0.51,105.41,0.47,141.31,5.91,900.64,0.24,101.96,16.18,4.95,0.22,81.37,399.19,1.25,73.12,3.52,3.0,31.71,3.09,0.59,0.61,,1044359,35,18,4,True,False
Chicken Soup with Mini Matzo Balls,204.68,9.76,2.42,16.96,14.54,3.26,51.08,429.43,13.37,6635.43,0.22,31.63,0.19,11.16,2.43,460.31,0.11,28.51,5.97,0.96,0.16,44.6,158.14,0.28,24.18,1.05,1.48,11.22,0.72,0.35,0.19,,1138930,10,4,16,True,False
Spicy Tex-Mex Chicken Soup with Jalapeno and Cilantro Dumplings,684.94,42.63,14.67,41.59,35.6,11.26,195.89,2712.91,35.49,4724.89,0.74,22.93,0.76,32.33,5.99,1061.82,0.43,60.52,12.44,4.04,0.38,196.64,443.65,0.99,95.07,3.63,4.82,30.89,2.15,0.77,1.12,,709443,23,20,6,False,False
Indian-Thai Chicken Soup with Butternut Squash and Spinach,349.12,21.29,5.26,17.56,15.19,5.77,75.02,851.84,22.16,10356.33,0.44,11.57,0.27,32.73,2.38,684.93,0.19,40.54,9.5,2.11,0.22,64.83,216.84,0.63,54.56,1.75,2.18,17.05,1.21,0.3,0.19,,552008,15,9,8,True,True
Holiday Chicken Soup,365.78,19.88,5.64,20.74,15.09,7.38,96.48,708.83,25.93,11367.32,0.54,131.86,0.24,28.08,5.65,775.81,0.2,80.78,9.97,1.83,0.24,88.26,270.39,0.64,62.23,2.38,2.29,20.06,1.79,0.4,0.26,,834728,25,8,12,True,False
Slow Cooker Creamy Chicken Soup with Quinoa and Squash,310.43,8.84,3.27,26.22,23.38,5.24,86.56,510.29,31.02,7682.34,0.52,2.11,0.34,17.86,2.83,941.54,0.26,62.48,14.76,1.74,0.25,87.3,398.4,1.14,94.34,1.56,1.95,41.57,2.13,0.28,,,827954,28,6,8,False,False
Paleo Crock Pot Chicken Soup,212.15,10.05,2.6,4.94,3.69,2.26,95.42,541.44,24.34,5183.34,0.12,7.5,0.16,4.18,1.25,510.93,0.11,14.71,10.43,0.46,0.09,27.88,251.29,0.8,36.18,1.16,0.77,33.26,1.68,0.46,,,563313,13,4,6,True,True
Barefoot Contessa Mexican Chicken Soup,417.21,12.97,2.52,40.71,33.98,16.32,81.19,822.29,35.97,8359.98,0.49,21.32,0.56,117.89,6.73,1576.33,0.31,85.02,19.41,4.65,0.56,85.94,468.98,1.55,99.01,2.08,3.85,45.22,2.49,0.23,,,580854,50,10,8,True,False
Country Comfort Chicken Soup,209.75,4.65,1.19,20.98,18.94,2.18,100.46,712.7,20.16,4518.48,0.36,13.62,0.19,1.92,2.03,387.01,0.13,24.25,5.48,0.28,0.21,48.62,231.79,0.5,42.32,1.88,1.66,38.54,1.41,0.61,,,94850,12,4,8,True,False
Speedy Ginger-Chicken Soup Bowls,111.72,1.85,0.28,17.76,15.32,0.06,6.4,137.47,6.05,,0.05,,0.02,,2.44,49.45,0.05,12.59,1.52,,0.02,14.36,29.58,0.09,4.05,,1.24,5.47,0.2,0.08,,,274486,2,2,15,True,False
Spicy Feel-Good Chicken Soup,433.73,12.67,3.41,38.14,31.41,12.07,112.2,665.23,44.56,3302.95,0.52,57.65,0.59,72.97,6.73,1560.26,0.3,108.97,16.3,0.7,0.43,133.41,415.18,1.2,84.28,3.14,4.18,41.08,2.06,0.41,,,862365,81,7,4,True,True
Mexican Tortilla Chicken Soup,1236.9,79.36,19.19,71.05,53.28,12.77,207.4,636.05,65.77,6774.2,1.12,61.15,0.7,60.45,17.77,1806.95,0.45,159.65,21.42,7.51,0.65,403.99,910.07,1.79,181.04,6.53,5.31,52.01,4.32,0.98,0.55,,305648,62,35,4,False,False
Summer Chicken Soup with Biscuit Dumplings,401.85,14.88,3.0,35.85,31.14,7.82,73.51,1303.03,30.88,3618.79,0.67,57.99,0.52,35.22,4.71,723.84,0.46,98.07,10.7,0.85,0.26,80.91,477.11,0.66,60.83,2.6,4.2,33.92,1.35,0.37,,,169019,46,10,6,True,False
GREEK LEMON CHICKEN SOUP,696.24,33.81,9.59,47.13,45.1,4.73,291.78,3355.43,47.72,3717.51,1.01,127.8,0.73,20.43,2.04,737.09,0.29,61.61,14.92,1.44,0.44,126.58,455.69,0.94,82.04,4.25,3.58,51.45,3.06,1.02,1.13,,542177,28,19,4,True,False
Vegetable Lover's Chicken Soup,321.15,11.04,1.78,20.71,17.48,5.77,76.54,1043.05,29.62,2803.73,0.75,128.45,0.36,27.77,3.23,993.42,0.21,81.78,13.43,2.41,0.22,81.79,337.07,1.13,83.48,1.54,2.47,47.01,1.95,0.27,,3.09,695510,32,6,2,True,True
chicken noodle soup,389.36,18.55,4.72,32.12,28.39,4.8,71.42,316.07,23.36,3957.34,0.56,131.42,0.32,21.57,3.73,652.56,0.17,56.74,8.62,1.4,0.42,76.28,268.5,0.52,59.95,2.36,2.27,39.71,1.69,0.32,0.22,,503601,26,10,8,True,False
Cream Corn & Chicken Soup,310.17,7.92,1.71,50.54,49.26,6.61,48.78,590.06,9.21,127.71,0.08,4.19,0.3,4.28,1.28,388.15,0.11,47.34,4.63,0.3,0.2,20.56,130.45,0.23,24.44,0.88,1.16,10.26,0.3,0.1,0.22,,640518,3,9,4,True,False
Chicken Soup With Rice Noodles and Scallion Crisp,663.03,37.43,5.95,53.1,51.13,0.88,72.32,1536.05,27.3,360.19,0.52,127.18,0.16,10.07,1.97,573.43,0.13,26.69,12.22,3.19,0.14,56.24,352.34,0.99,46.89,1.32,1.5,46.22,1.73,0.23,,,1694369,15,19,4,True,False
Secrets to Longevity & Greek Lemon Chicken Soup (Avgolemono),298.38,8.72,1.76,32.74,29.72,6.81,136.34,1451.12,22.22,4261.25,0.59,13.59,0.44,15.06,3.03,607.42,0.2,46.28,7.57,1.31,0.23,73.75,268.21,0.64,49.99,1.51,1.7,45.43,1.56,0.41,0.56,,559296,16,7,4,True,True
Wild Rice Chicken Soup,195.15,4.0,0.62,26.71,24.19,2.11,41.96,690.89,13.78,1089.08,0.57,5.37,0.26,1.7,2.52,313.84,0.12,37.73,4.9,0.82,0.23,22.81,229.22,0.33,70.59,2.7,1.14,10.97,0.91,0.29,,,422906,7,4,5,True,False
Peanutty Chicken Soup,934.43,72.21,16.04,30.59,22.72,16.92,122.47,909.28,48.54,5105.08,1.35,18.63,0.47,179.68,7.86,1297.27,0.32,149.04,22.02,11.18,0.48,82.68,542.77,1.38,177.9,4.4,3.74,26.54,2.75,0.51,0.33,,443795,45,27,4,True,False
Clear & Quick Chicken Soup,407.65,25.91,7.38,9.39,7.1,3.89,127.5,350.27,33.08,6611.38,0.32,74.15,0.28,24.13,2.29,624.24,0.16,52.49,12.18,0.77,0.14,74.73,288.15,0.73,52.41,2.56,2.82,24.82,1.78,0.53,0.34,,639657,22,11,2,True,False
Thai Coconut Chicken Soup (Tom Kha Gai) with Mushrooms,442.15,27.85,21.34,18.75,15.36,9.18,76.83,709.71,32.84,537.02,1.41,10.03,0.52,71.79,3.39,1222.03,0.23,55.84,17.6,0.75,0.63,41.24,449.09,1.28,98.94,2.09,3.7,51.31,2.75,0.27,0.23,,201545,26,16,4,True,False
Chilly-Day Chicken Soup,213.75,6.19,2.98,23.61,21.52,3.65,51.01,1011.84,15.64,5245.65,0.42,6.08,0.22,7.18,2.09,564.49,0.15,19.99,7.34,0.53,0.16,37.5,184.96,0.58,35.46,0.87,0.9,21.55,1.2,0.16,,,447390,10,5,2,False,False
Chicken Fajita Soup – Slow Cooker + Instant Pot,436.32,28.58,7.32,17.0,11.42,7.42,151.31,1102.69,29.22,2585.6,0.4,39.29,0.44,127.03,5.58,877.03,0.25,110.09,8.9,1.91,0.2,87.44,319.68,0.94,61.88,2.6,3.13,29.77,2.56,1.0,0.15,,1411873,22,11,6,True,False
